image_path,xmin,ymin,xmax,ymax,label
benja_12_gamma_1_4.png,85,78,130,118,Tree
benja_12_gamma_1_4.png,143,62,173,96,Tree
benja_12_gamma_1_4.png,100,24,124,51,Tree
benja_12_gamma_1_4.png,108,184,130,210,Tree
benja_12_gamma_1_4.png,0,108,22,131,Tree
benja_12_gamma_1_4.png,0,66,22,96,Tree
benja_12_gamma_1_4.png,0,159,21,187,Tree
benja_12_gamma_1_4.png,0,192,17,224,Tree
benja_12_gamma_1_4.png,26,215,61,247,Tree
benja_12_gamma_1_4.png,3,219,31,244,Tree
benja_12_gamma_1_4.png,62,222,95,248,Tree
benja_12_gamma_1_4.png,102,219,141,247,Tree
benja_12_gamma_1_4.png,150,173,189,199,Tree
benja_12_gamma_1_4.png,146,100,185,129,Tree
benja_12_gamma_1_4.png,148,127,180,148,Tree
benja_12_gamma_1_4.png,147,5,176,42,Tree
benja_12_gamma_1_4.png,31,0,57,14,Tree
benja_12_gamma_1_4.png,115,272,139,302,Tree
benja_12_gamma_1_4.png,94,339,124,368,Tree
benja_12_gamma_1_4.png,71,347,100,367,Tree
benja_12_gamma_1_4.png,12,351,36,371,Tree
benja_12_gamma_1_4.png,115,316,139,337,Tree
benja_12_gamma_1_4.png,122,328,142,353,Tree
benja_12_gamma_1_4.png,192,326,229,362,Tree
benja_12_gamma_1_4.png,246,322,287,367,Tree
benja_12_gamma_1_4.png,161,340,183,363,Tree
benja_12_gamma_1_4.png,184,299,199,313,Tree
benja_12_gamma_1_4.png,170,309,187,322,Tree
benja_12_gamma_1_4.png,160,263,195,292,Tree
benja_12_gamma_1_4.png,17,273,41,302,Tree
benja_12_gamma_1_4.png,35,267,79,304,Tree
benja_12_gamma_1_4.png,96,258,115,283,Tree
benja_12_gamma_1_4.png,59,116,75,130,Tree
benja_12_gamma_1_4.png,39,192,60,212,Tree
benja_12_gamma_1_4.png,89,136,110,165,Tree
benja_12_gamma_1_4.png,79,110,94,130,Tree
benja_12_gamma_1_4.png,188,184,216,211,Tree
benja_12_gamma_1_4.png,205,160,230,184,Tree
benja_12_gamma_1_4.png,180,146,202,166,Tree
benja_12_gamma_1_4.png,218,44,237,66,Tree
benja_12_gamma_1_4.png,206,47,227,72,Tree
benja_12_gamma_1_4.png,191,50,217,74,Tree
benja_12_gamma_1_4.png,182,58,201,82,Tree
benja_12_gamma_1_4.png,191,0,215,20,Tree
benja_12_gamma_1_4.png,240,50,277,77,Tree
benja_12_gamma_1_4.png,274,218,298,241,Tree
benja_12_gamma_1_4.png,292,211,313,231,Tree
benja_12_gamma_1_4.png,284,176,320,219,Tree
benja_12_gamma_1_4.png,286,135,314,166,Tree
benja_12_gamma_1_4.png,305,304,331,332,Tree
benja_12_gamma_1_4.png,299,274,324,298,Tree
benja_12_gamma_1_4.png,267,247,316,294,Tree
benja_12_gamma_1_4.png,214,253,236,272,Tree
benja_12_gamma_1_4.png,430,323,448,343,Tree
benja_12_gamma_1_4.png,434,271,452,291,Tree
benja_12_gamma_1_4.png,421,280,441,300,Tree
benja_12_gamma_1_4.png,407,286,425,304,Tree
benja_12_gamma_1_4.png,384,289,412,319,Tree
benja_12_gamma_1_4.png,433,244,472,270,Tree
benja_12_gamma_1_4.png,356,243,423,285,Tree
benja_12_gamma_1_4.png,340,177,363,200,Tree
benja_12_gamma_1_4.png,569,151,586,173,Tree
benja_12_gamma_1_4.png,533,167,557,195,Tree
benja_12_gamma_1_4.png,375,175,388,183,Tree
benja_12_gamma_1_4.png,389,170,399,183,Tree
benja_12_gamma_1_4.png,398,170,408,179,Tree
benja_12_gamma_1_4.png,377,191,389,204,Tree
benja_12_gamma_1_4.png,377,180,389,192,Tree
benja_12_gamma_1_4.png,391,195,409,205,Tree
benja_12_gamma_1_4.png,396,182,410,193,Tree
benja_12_gamma_1_4.png,462,365,557,445,Tree
benja_12_gamma_1_4.png,548,342,620,458,Tree
benja_12_gamma_1_4.png,393,390,434,432,Tree
benja_12_gamma_1_4.png,363,412,383,434,Tree
benja_12_gamma_1_4.png,376,403,398,430,Tree
benja_12_gamma_1_4.png,457,450,481,479,Tree
benja_12_gamma_1_4.png,532,469,567,515,Tree
benja_12_gamma_1_4.png,568,458,597,476,Tree
benja_12_gamma_1_4.png,585,485,613,510,Tree
benja_12_gamma_1_4.png,601,501,620,523,Tree
benja_12_gamma_1_4.png,465,499,495,544,Tree
benja_12_gamma_1_4.png,450,534,476,560,Tree
benja_12_gamma_1_4.png,266,574,301,611,Tree
benja_12_gamma_1_4.png,88,496,122,525,Tree
benja_12_gamma_1_4.png,40,409,86,452,Tree
benja_12_gamma_1_4.png,98,413,144,462,Tree
benja_12_gamma_1_4.png,147,422,178,447,Tree
benja_12_gamma_1_4.png,0,408,32,475,Tree
benja_12_gamma_1_4.png,130,474,163,502,Tree
benja_12_gamma_1_4.png,201,487,247,522,Tree
benja_12_gamma_1_4.png,196,417,281,491,Tree
benja_12_gamma_1_4.png,278,504,334,552,Tree
benja_12_gamma_1_4.png,468,114,497,147,Tree
benja_12_gamma_1_4.png,471,159,497,197,Tree
benja_12_gamma_1_4.png,337,147,364,177,Tree
benja_12_gamma_1_4.png,286,86,312,108,Tree
benja_12_gamma_1_4.png,284,53,313,81,Tree
benja_12_gamma_1_4.png,290,1,322,32,Tree
benja_12_gamma_1_4.png,272,0,295,30,Tree
benja_12_gamma_1_4.png,247,0,273,29,Tree
benja_12_gamma_1_4.png,350,0,393,28,Tree
benja_12_gamma_1_4.png,399,0,423,29,Tree
benja_12_gamma_1_4.png,433,0,455,26,Tree
benja_12_gamma_1_4.png,522,57,554,97,Tree
benja_12_gamma_1_4.png,579,242,602,271,Tree
benja_12_gamma_1_4.png,542,238,569,265,Tree
benja_12_gamma_1_4.png,399,217,422,235,Tree
benja_12_gamma_1_4.png,354,211,371,228,Tree
benja_13_gamma_1_4.png,208,461,261,548,Tree
benja_13_gamma_1_4.png,206,372,287,455,Tree
benja_13_gamma_1_4.png,121,541,160,569,Tree
benja_13_gamma_1_4.png,137,568,200,616,Tree
benja_13_gamma_1_4.png,140,494,179,535,Tree
benja_13_gamma_1_4.png,68,425,104,473,Tree
benja_13_gamma_1_4.png,66,499,99,541,Tree
benja_13_gamma_1_4.png,35,557,95,620,Tree
benja_13_gamma_1_4.png,297,548,360,588,Tree
benja_13_gamma_1_4.png,288,582,359,620,Tree
benja_13_gamma_1_4.png,329,499,399,567,Tree
benja_13_gamma_1_4.png,210,564,268,620,Tree
benja_13_gamma_1_4.png,154,320,181,350,Tree
benja_13_gamma_1_4.png,178,314,208,336,Tree
benja_13_gamma_1_4.png,133,375,170,406,Tree
benja_13_gamma_1_4.png,128,345,163,377,Tree
benja_13_gamma_1_4.png,126,413,168,439,Tree
benja_13_gamma_1_4.png,168,456,214,506,Tree
benja_13_gamma_1_4.png,159,390,214,463,Tree
benja_13_gamma_1_4.png,166,510,220,577,Tree
benja_13_gamma_1_4.png,257,494,315,572,Tree
benja_13_gamma_1_4.png,316,427,365,481,Tree
benja_13_gamma_1_4.png,268,442,336,495,Tree
benja_13_gamma_1_4.png,260,308,381,432,Tree
benja_13_gamma_1_4.png,125,174,166,208,Tree
benja_13_gamma_1_4.png,115,90,168,140,Tree
benja_13_gamma_1_4.png,120,132,171,178,Tree
benja_13_gamma_1_4.png,118,43,154,89,Tree
benja_13_gamma_1_4.png,203,46,258,83,Tree
benja_13_gamma_1_4.png,168,85,242,132,Tree
benja_13_gamma_1_4.png,139,27,197,84,Tree
benja_13_gamma_1_4.png,265,121,315,160,Tree
benja_13_gamma_1_4.png,247,160,321,223,Tree
benja_13_gamma_1_4.png,265,4,358,138,Tree
benja_13_gamma_1_4.png,234,293,280,339,Tree
benja_13_gamma_1_4.png,53,237,97,282,Tree
benja_13_gamma_1_4.png,0,355,32,454,Tree
benja_13_gamma_1_4.png,110,0,143,30,Tree
benja_13_gamma_1_4.png,171,0,244,39,Tree
benja_14_gamma_1_4.png,413,588,439,615,Tree
benja_14_gamma_1_4.png,436,591,467,620,Tree
benja_14_gamma_1_4.png,500,600,537,620,Tree
benja_14_gamma_1_4.png,551,555,587,593,Tree
benja_14_gamma_1_4.png,417,536,441,559,Tree
benja_14_gamma_1_4.png,438,533,466,554,Tree
benja_14_gamma_1_4.png,435,565,467,592,Tree
benja_14_gamma_1_4.png,409,449,444,482,Tree
benja_14_gamma_1_4.png,409,407,454,442,Tree
benja_14_gamma_1_4.png,412,365,450,403,Tree
benja_14_gamma_1_4.png,390,334,433,360,Tree
benja_14_gamma_1_4.png,381,307,409,328,Tree
benja_14_gamma_1_4.png,380,291,408,314,Tree
benja_14_gamma_1_4.png,370,278,391,303,Tree
benja_14_gamma_1_4.png,383,4,422,40,Tree
benja_14_gamma_1_4.png,381,40,423,76,Tree
benja_14_gamma_1_4.png,382,77,417,112,Tree
benja_14_gamma_1_4.png,380,142,411,166,Tree
benja_14_gamma_1_4.png,369,162,399,181,Tree
benja_14_gamma_1_4.png,364,174,386,193,Tree
benja_14_gamma_1_4.png,358,188,376,208,Tree
benja_14_gamma_1_4.png,355,209,373,223,Tree
benja_14_gamma_1_4.png,354,227,381,247,Tree
benja_14_gamma_1_4.png,355,248,381,270,Tree
benja_14_gamma_1_4.png,357,265,375,285,Tree
benja_14_gamma_1_4.png,525,239,561,269,Tree
benja_14_gamma_1_4.png,492,469,525,513,Tree
benja_14_gamma_1_4.png,497,544,533,581,Tree
benja_14_gamma_1_4.png,487,507,532,548,Tree
benja_14_gamma_1_4.png,551,487,586,534,Tree
benja_14_gamma_1_4.png,547,412,580,454,Tree
benja_14_gamma_1_4.png,520,199,567,241,Tree
benja_14_gamma_1_4.png,513,122,562,164,Tree
benja_14_gamma_1_4.png,513,60,553,95,Tree
benja_14_gamma_1_4.png,450,34,495,68,Tree
benja_14_gamma_1_4.png,455,70,486,106,Tree
benja_14_gamma_1_4.png,455,114,488,151,Tree
benja_16_gamma_1_4.png,120,511,169,550,Tree
benja_16_gamma_1_4.png,185,492,232,534,Tree
benja_16_gamma_1_4.png,238,477,305,533,Tree
benja_16_gamma_1_4.png,12,583,81,620,Tree
benja_16_gamma_1_4.png,108,576,165,620,Tree
benja_16_gamma_1_4.png,167,577,226,620,Tree
benja_16_gamma_1_4.png,241,569,326,620,Tree
benja_16_gamma_1_4.png,502,476,548,519,Tree
benja_16_gamma_1_4.png,304,465,367,527,Tree
benja_16_gamma_1_4.png,405,178,444,219,Tree
benja_16_gamma_1_4.png,384,261,419,287,Tree
benja_16_gamma_1_4.png,560,277,607,326,Tree
benja_16_gamma_1_4.png,590,247,620,291,Tree
benja_16_gamma_1_4.png,168,441,214,477,Tree
benja_16_gamma_1_4.png,306,391,336,418,Tree
benja_16_gamma_1_4.png,48,467,78,495,Tree
benja_16_gamma_1_4.png,577,556,613,592,Tree
benja_16_gamma_1_4.png,578,597,611,620,Tree
benja_16_gamma_1_4.png,70,597,113,620,Tree
benja_16_gamma_1_4.png,536,573,561,598,Tree
benja_16_gamma_1_4.png,553,499,589,529,Tree
benja_17_gamma_1_4.png,425,528,469,563,Tree
benja_17_gamma_1_4.png,348,522,392,557,Tree
benja_17_gamma_1_4.png,48,546,100,584,Tree
benja_17_gamma_1_4.png,82,541,133,578,Tree
benja_17_gamma_1_4.png,142,535,190,575,Tree
benja_17_gamma_1_4.png,169,536,229,566,Tree
benja_17_gamma_1_4.png,218,536,273,566,Tree
benja_17_gamma_1_4.png,294,532,327,559,Tree
benja_17_gamma_1_4.png,26,588,78,619,Tree
benja_17_gamma_1_4.png,117,584,191,620,Tree
benja_17_gamma_1_4.png,316,556,355,593,Tree
benja_17_gamma_1_4.png,548,520,592,572,Tree
benja_17_gamma_1_4.png,590,420,620,467,Tree
benja_17_gamma_1_4.png,589,354,620,390,Tree
benja_17_gamma_1_4.png,519,228,620,347,Tree
benja_17_gamma_1_4.png,429,474,478,511,Tree
benja_17_gamma_1_4.png,429,435,479,471,Tree
benja_17_gamma_1_4.png,468,386,548,498,Tree
benja_17_gamma_1_4.png,406,330,470,436,Tree
benja_17_gamma_1_4.png,482,333,514,362,Tree
benja_17_gamma_1_4.png,491,355,523,391,Tree
benja_17_gamma_1_4.png,467,359,496,394,Tree
benja_17_gamma_1_4.png,446,190,479,232,Tree
benja_17_gamma_1_4.png,417,202,451,239,Tree
benja_17_gamma_1_4.png,460,223,505,278,Tree
benja_17_gamma_1_4.png,405,277,431,314,Tree
benja_17_gamma_1_4.png,431,274,468,314,Tree
benja_17_gamma_1_4.png,412,257,446,290,Tree
benja_17_gamma_1_4.png,481,311,525,339,Tree
benja_17_gamma_1_4.png,450,271,487,304,Tree
benja_17_gamma_1_4.png,447,306,487,345,Tree
benja_17_gamma_1_4.png,478,284,516,312,Tree
benja_17_gamma_1_4.png,159,1,298,140,Tree
benja_17_gamma_1_4.png,257,107,335,175,Tree
benja_17_gamma_1_4.png,192,153,253,207,Tree
benja_17_gamma_1_4.png,306,132,374,208,Tree
benja_17_gamma_1_4.png,369,114,432,194,Tree
benja_17_gamma_1_4.png,430,128,473,180,Tree
benja_17_gamma_1_4.png,458,85,511,145,Tree
benja_17_gamma_1_4.png,510,41,614,130,Tree
benja_17_gamma_1_4.png,527,2,605,53,Tree
benja_17_gamma_1_4.png,502,140,607,239,Tree
benja_17_gamma_1_4.png,115,471,158,514,Tree
benja_17_gamma_1_4.png,326,471,378,513,Tree
benja_17_gamma_1_4.png,268,466,310,515,Tree
benja_17_gamma_1_4.png,174,468,219,516,Tree
benja_17_gamma_1_4.png,225,476,262,514,Tree
benja_17_gamma_1_4.png,216,265,244,294,Tree
benja_17_gamma_1_4.png,63,482,97,514,Tree
benja_17_gamma_1_4.png,25,484,51,512,Tree
benja_18_gamma_1_4.png,319,554,370,597,Tree
benja_18_gamma_1_4.png,325,510,369,558,Tree
benja_18_gamma_1_4.png,302,464,360,524,Tree
benja_18_gamma_1_4.png,301,416,351,466,Tree
benja_18_gamma_1_4.png,293,364,355,397,Tree
benja_18_gamma_1_4.png,291,333,330,371,Tree
benja_18_gamma_1_4.png,285,389,345,433,Tree
benja_18_gamma_1_4.png,351,444,425,512,Tree
benja_18_gamma_1_4.png,372,517,441,586,Tree
benja_18_gamma_1_4.png,357,577,454,620,Tree
benja_18_gamma_1_4.png,211,585,263,620,Tree
benja_18_gamma_1_4.png,271,569,315,611,Tree
benja_18_gamma_1_4.png,174,548,226,590,Tree
benja_18_gamma_1_4.png,158,588,211,620,Tree
benja_18_gamma_1_4.png,203,470,245,516,Tree
benja_18_gamma_1_4.png,248,456,278,481,Tree
benja_18_gamma_1_4.png,253,479,279,504,Tree
benja_18_gamma_1_4.png,161,437,212,496,Tree
benja_18_gamma_1_4.png,160,407,225,441,Tree
benja_18_gamma_1_4.png,144,298,197,340,Tree
benja_18_gamma_1_4.png,160,326,208,361,Tree
benja_18_gamma_1_4.png,189,345,229,376,Tree
benja_18_gamma_1_4.png,151,368,203,402,Tree
benja_18_gamma_1_4.png,144,352,182,378,Tree
benja_18_gamma_1_4.png,255,267,283,290,Tree
benja_18_gamma_1_4.png,202,276,220,311,Tree
benja_18_gamma_1_4.png,221,261,250,283,Tree
benja_18_gamma_1_4.png,215,279,239,316,Tree
benja_18_gamma_1_4.png,229,288,263,313,Tree
benja_18_gamma_1_4.png,336,296,367,316,Tree
benja_18_gamma_1_4.png,319,313,363,349,Tree
benja_18_gamma_1_4.png,352,421,418,449,Tree
benja_18_gamma_1_4.png,155,117,192,179,Tree
benja_18_gamma_1_4.png,173,127,249,221,Tree
benja_18_gamma_1_4.png,241,111,314,192,Tree
benja_18_gamma_1_4.png,288,180,324,221,Tree
benja_18_gamma_1_4.png,336,184,377,226,Tree
benja_18_gamma_1_4.png,334,144,378,186,Tree
benja_18_gamma_1_4.png,314,105,378,155,Tree
benja_18_gamma_1_4.png,321,229,366,267,Tree
benja_18_gamma_1_4.png,344,235,392,286,Tree
benja_18_gamma_1_4.png,155,0,218,35,Tree
benja_18_gamma_1_4.png,262,3,307,34,Tree
benja_18_gamma_1_4.png,303,0,335,27,Tree
benja_18_gamma_1_4.png,328,2,365,35,Tree
benja_18_gamma_1_4.png,252,44,300,86,Tree
benja_18_gamma_1_4.png,318,76,354,116,Tree
benja_18_gamma_1_4.png,47,98,78,130,Tree
benja_18_gamma_1_4.png,80,175,124,214,Tree
benja_18_gamma_1_4.png,52,214,78,232,Tree
benja_18_gamma_1_4.png,43,240,62,257,Tree
benja_18_gamma_1_4.png,32,217,60,242,Tree
benja_18_gamma_1_4.png,70,238,95,255,Tree
benja_18_gamma_1_4.png,80,219,103,240,Tree
benja_18_gamma_1_4.png,107,208,124,231,Tree
benja_18_gamma_1_4.png,95,237,124,263,Tree
benja_18_gamma_1_4.png,77,422,128,494,Tree
benja_18_gamma_1_4.png,107,274,130,292,Tree
benja_18_gamma_1_4.png,87,289,98,309,Tree
benja_18_gamma_1_4.png,104,301,122,321,Tree
benja_18_gamma_1_4.png,83,337,107,362,Tree
benja_18_gamma_1_4.png,102,336,123,358,Tree
benja_18_gamma_1_4.png,91,356,125,387,Tree
benja_18_gamma_1_4.png,58,431,91,452,Tree
benja_18_gamma_1_4.png,34,449,80,478,Tree
benja_18_gamma_1_4.png,151,188,190,227,Tree
benja_18_gamma_1_4.png,158,227,192,271,Tree
benja_18_gamma_1_4.png,184,224,227,264,Tree
benja_18_gamma_1_4.png,219,212,256,258,Tree
benja_18_gamma_1_4.png,269,230,295,256,Tree
benja_18_gamma_1_4.png,271,283,317,329,Tree
benja_18_gamma_1_4.png,232,310,277,342,Tree
benja_18_gamma_1_4.png,251,345,294,388,Tree
benja_18_gamma_1_4.png,270,324,305,351,Tree
benja_18_gamma_1_4.png,347,356,387,391,Tree
benja_18_gamma_1_4.png,353,66,394,99,Tree
benja_18_gamma_1_4.png,325,38,367,77,Tree
benja_18_gamma_1_4.png,297,31,331,76,Tree
benja_18_gamma_1_4.png,219,17,244,47,Tree
benja_18_gamma_1_4.png,221,0,260,24,Tree
benja_18_gamma_1_4.png,58,0,100,38,Tree
benja_18_gamma_1_4.png,36,13,66,43,Tree
benja_18_gamma_1_4.png,0,2,26,30,Tree
benja_18_gamma_1_4.png,92,46,117,68,Tree
benja_20_gamma_1_4.png,20,380,70,423,Tree
benja_20_gamma_1_4.png,5,427,38,461,Tree
benja_20_gamma_1_4.png,72,395,131,470,Tree
benja_20_gamma_1_4.png,7,533,32,563,Tree
benja_20_gamma_1_4.png,36,548,53,574,Tree
benja_20_gamma_1_4.png,57,552,78,576,Tree
benja_20_gamma_1_4.png,79,556,108,580,Tree
benja_20_gamma_1_4.png,92,140,124,175,Tree
benja_20_gamma_1_4.png,80,164,118,201,Tree
benja_20_gamma_1_4.png,47,174,100,217,Tree
benja_20_gamma_1_4.png,21,171,53,195,Tree
benja_20_gamma_1_4.png,2,162,29,199,Tree
benja_20_gamma_1_4.png,57,59,99,117,Tree
benja_20_gamma_1_4.png,12,56,44,82,Tree
benja_20_gamma_1_4.png,13,83,54,114,Tree
benja_20_gamma_1_4.png,230,479,262,509,Tree
benja_20_gamma_1_4.png,239,524,250,534,Tree
benja_20_gamma_1_4.png,239,534,254,542,Tree
benja_20_gamma_1_4.png,241,542,257,552,Tree
benja_20_gamma_1_4.png,241,552,256,563,Tree
benja_20_gamma_1_4.png,242,562,256,574,Tree
benja_20_gamma_1_4.png,245,573,259,586,Tree
benja_20_gamma_1_4.png,246,584,260,599,Tree
benja_20_gamma_1_4.png,247,598,261,610,Tree
benja_20_gamma_1_4.png,246,607,259,619,Tree
benja_20_gamma_1_4.png,229,454,248,471,Tree
benja_20_gamma_1_4.png,447,447,500,498,Tree
benja_20_gamma_1_4.png,418,515,456,553,Tree
benja_20_gamma_1_4.png,439,493,492,548,Tree
benja_20_gamma_1_4.png,320,584,360,619,Tree
benja_20_gamma_1_4.png,263,0,300,33,Tree
benja_20_gamma_1_4.png,264,59,303,102,Tree
benja_20_gamma_1_4.png,261,132,303,164,Tree
benja_20_gamma_1_4.png,259,97,306,137,Tree
benja_20_gamma_1_4.png,289,250,317,278,Tree
benja_20_gamma_1_4.png,295,385,329,416,Tree
benja_20_gamma_1_4.png,301,516,335,543,Tree
benja_20_gamma_1_4.png,363,601,387,620,Tree
benja_20_gamma_1_4.png,548,580,577,609,Tree
benja_20_gamma_1_4.png,501,561,529,588,Tree
benja_20_gamma_1_4.png,529,539,559,562,Tree
benja_20_gamma_1_4.png,527,600,558,620,Tree
benja_20_gamma_1_4.png,515,417,558,449,Tree
benja_20_gamma_1_4.png,374,294,434,370,Tree
benja_20_gamma_1_4.png,379,398,422,445,Tree
benja_20_gamma_1_4.png,462,404,514,454,Tree
benja_20_gamma_1_4.png,430,386,465,423,Tree
benja_20_gamma_1_4.png,539,434,620,559,Tree
benja_20_gamma_1_4.png,477,351,528,394,Tree
benja_20_gamma_1_4.png,429,267,478,314,Tree
benja_20_gamma_1_4.png,499,519,533,551,Tree
benja_20_gamma_1_4.png,496,476,543,519,Tree
benja_20_gamma_1_4.png,419,576,472,620,Tree
benja_20_gamma_1_4.png,569,590,613,620,Tree
benja_20_gamma_1_4.png,423,145,476,205,Tree
benja_20_gamma_1_4.png,430,221,471,262,Tree
benja_20_gamma_1_4.png,386,204,429,246,Tree
benja_20_gamma_1_4.png,504,105,572,161,Tree
benja_20_gamma_1_4.png,485,183,543,228,Tree
benja_20_gamma_1_4.png,463,163,510,201,Tree
benja_20_gamma_1_4.png,503,148,547,193,Tree
benja_20_gamma_1_4.png,574,190,620,245,Tree
benja_20_gamma_1_4.png,565,239,620,288,Tree
benja_20_gamma_1_4.png,477,253,542,344,Tree
benja_20_gamma_1_4.png,603,114,620,160,Tree
benja_20_gamma_1_4.png,576,120,607,162,Tree
benja_20_gamma_1_4.png,356,0,399,31,Tree
benja_20_gamma_1_4.png,402,0,446,36,Tree
benja_20_gamma_1_4.png,510,39,547,73,Tree
benja_20_gamma_1_4.png,546,4,577,32,Tree
benja_20_gamma_1_4.png,582,11,604,31,Tree
benja_20_gamma_1_4.png,562,39,607,81,Tree
benja_20_gamma_1_4.png,537,67,571,103,Tree
benja_20_gamma_1_4.png,220,340,243,353,Tree
benja_20_gamma_1_4.png,215,349,248,366,Tree
benja_20_gamma_1_4.png,221,367,240,379,Tree
benja_20_gamma_1_4.png,220,378,239,391,Tree
benja_20_gamma_1_4.png,223,391,240,409,Tree
benja_20_gamma_1_4.png,216,307,236,324,Tree
benja_20_gamma_1_4.png,205,176,231,197,Tree
benja_20_gamma_1_4.png,198,137,223,160,Tree
benja_20_gamma_1_4.png,189,30,211,48,Tree
benja_20_gamma_1_4.png,187,0,210,15,Tree
benja_20_gamma_1_4.png,193,80,214,94,Tree
benja_20_gamma_1_4.png,192,67,212,81,Tree
benja_20_gamma_1_4.png,186,56,205,68,Tree
benja_20_gamma_1_4.png,188,45,206,59,Tree
benja_20_gamma_1_4.png,193,90,208,108,Tree
benja_20_gamma_1_4.png,196,111,215,126,Tree
benja_20_gamma_1_4.png,198,123,218,140,Tree
benja_20_gamma_1_4.png,214,281,236,296,Tree
benja_20_gamma_1_4.png,213,293,233,308,Tree
benja_20_gamma_1_4.png,210,252,229,268,Tree
benja_20_gamma_1_4.png,207,264,228,280,Tree
benja_20_gamma_1_4.png,408,454,433,485,Tree
benja_20_gamma_1_4.png,472,539,496,569,Tree
benja_20_gamma_1_4.png,455,62,492,92,Tree
benja_20_gamma_1_4.png,452,29,482,69,Tree
benja_20_gamma_1_4.png,484,30,511,61,Tree
benja_20_gamma_1_4.png,500,0,516,26,Tree
benja_20_gamma_1_4.png,511,0,541,19,Tree
benja_20_gamma_1_4.png,509,17,539,44,Tree
benja_20_gamma_1_4.png,283,288,317,315,Tree
benja_20_gamma_1_4.png,318,320,349,351,Tree
benja_20_gamma_1_4.png,315,360,344,393,Tree
benja_20_gamma_1_4.png,322,402,355,444,Tree
benja_20_gamma_1_4.png,338,480,365,509,Tree
benja_20_gamma_1_4.png,288,462,330,502,Tree
benja_20_gamma_1_4.png,332,437,370,487,Tree
benja_20_gamma_1_4.png,308,535,342,571,Tree
benja_20_gamma_1_4.png,354,560,387,587,Tree
benja_20_gamma_1_4.png,295,103,338,150,Tree
benja_20_gamma_1_4.png,298,58,334,105,Tree
benja_21_gamma_1_4.png,340,423,394,471,Tree
benja_21_gamma_1_4.png,243,419,312,480,Tree
benja_21_gamma_1_4.png,0,574,94,620,Tree
benja_21_gamma_1_4.png,0,440,49,493,Tree
benja_21_gamma_1_4.png,27,251,79,314,Tree
benja_21_gamma_1_4.png,291,213,330,252,Tree
benja_21_gamma_1_4.png,256,221,300,249,Tree
benja_21_gamma_1_4.png,267,171,318,220,Tree
benja_21_gamma_1_4.png,137,80,179,113,Tree
benja_21_gamma_1_4.png,113,107,155,150,Tree
benja_21_gamma_1_4.png,146,38,199,80,Tree
benja_21_gamma_1_4.png,116,146,147,174,Tree
benja_21_gamma_1_4.png,72,125,107,165,Tree
benja_21_gamma_1_4.png,44,53,101,111,Tree
benja_21_gamma_1_4.png,27,117,69,172,Tree
benja_21_gamma_1_4.png,0,116,35,158,Tree
benja_21_gamma_1_4.png,349,49,404,102,Tree
benja_21_gamma_1_4.png,266,123,344,173,Tree
benja_21_gamma_1_4.png,274,82,318,127,Tree
benja_21_gamma_1_4.png,430,174,477,216,Tree
benja_21_gamma_1_4.png,62,0,104,28,Tree
benja_21_gamma_1_4.png,106,0,150,38,Tree
benja_21_gamma_1_4.png,513,263,572,304,Tree
benja_21_gamma_1_4.png,525,218,587,274,Tree
benja_21_gamma_1_4.png,529,389,595,446,Tree
benja_21_gamma_1_4.png,486,53,560,127,Tree
benja_21_gamma_1_4.png,571,14,620,68,Tree
benja_21_gamma_1_4.png,399,58,459,117,Tree
benja_21_gamma_1_4.png,516,192,560,230,Tree
benja_21_gamma_1_4.png,436,13,473,47,Tree
benja_21_gamma_1_4.png,368,12,430,45,Tree
benja_21_gamma_1_4.png,0,485,43,529,Tree
benja_22_gamma_1_4.png,509,571,602,620,Tree
benja_22_gamma_1_4.png,115,597,163,620,Tree
benja_22_gamma_1_4.png,163,599,183,620,Tree
benja_22_gamma_1_4.png,232,598,321,620,Tree
benja_22_gamma_1_4.png,190,596,221,620,Tree
benja_22_gamma_1_4.png,325,599,348,620,Tree
benja_22_gamma_1_4.png,347,598,369,620,Tree
benja_22_gamma_1_4.png,363,603,386,620,Tree
benja_22_gamma_1_4.png,483,594,505,619,Tree
benja_22_gamma_1_4.png,144,204,166,226,Tree
benja_22_gamma_1_4.png,162,205,183,226,Tree
benja_22_gamma_1_4.png,166,233,185,248,Tree
benja_22_gamma_1_4.png,143,230,164,256,Tree
benja_22_gamma_1_4.png,148,251,165,271,Tree
benja_22_gamma_1_4.png,155,299,193,319,Tree
benja_22_gamma_1_4.png,168,278,191,298,Tree
benja_22_gamma_1_4.png,143,280,167,299,Tree
benja_22_gamma_1_4.png,167,263,196,283,Tree
benja_22_gamma_1_4.png,138,168,157,190,Tree
benja_22_gamma_1_4.png,163,166,185,193,Tree
benja_22_gamma_1_4.png,199,160,220,182,Tree
benja_22_gamma_1_4.png,149,388,166,406,Tree
benja_22_gamma_1_4.png,151,419,170,432,Tree
benja_22_gamma_1_4.png,173,418,194,432,Tree
benja_22_gamma_1_4.png,162,400,189,417,Tree
benja_22_gamma_1_4.png,150,450,171,470,Tree
benja_22_gamma_1_4.png,150,470,169,489,Tree
benja_22_gamma_1_4.png,176,485,199,503,Tree
benja_22_gamma_1_4.png,170,466,190,485,Tree
benja_22_gamma_1_4.png,173,450,194,466,Tree
benja_22_gamma_1_4.png,229,449,250,464,Tree
benja_22_gamma_1_4.png,210,445,233,462,Tree
benja_22_gamma_1_4.png,209,469,237,491,Tree
benja_22_gamma_1_4.png,231,479,263,499,Tree
benja_22_gamma_1_4.png,306,473,333,494,Tree
benja_22_gamma_1_4.png,238,395,262,422,Tree
benja_22_gamma_1_4.png,211,398,241,426,Tree
benja_22_gamma_1_4.png,300,215,322,238,Tree
benja_22_gamma_1_4.png,269,220,302,240,Tree
benja_22_gamma_1_4.png,270,261,297,290,Tree
benja_22_gamma_1_4.png,295,259,328,290,Tree
benja_22_gamma_1_4.png,297,239,329,261,Tree
benja_22_gamma_1_4.png,310,426,336,449,Tree
benja_22_gamma_1_4.png,285,441,310,462,Tree
benja_22_gamma_1_4.png,372,386,402,409,Tree
benja_22_gamma_1_4.png,353,380,379,403,Tree
benja_22_gamma_1_4.png,376,441,401,466,Tree
benja_22_gamma_1_4.png,357,467,382,491,Tree
benja_22_gamma_1_4.png,444,436,476,457,Tree
benja_22_gamma_1_4.png,443,466,481,488,Tree
benja_22_gamma_1_4.png,428,388,465,412,Tree
benja_22_gamma_1_4.png,411,252,447,288,Tree
benja_22_gamma_1_4.png,416,159,448,186,Tree
benja_22_gamma_1_4.png,414,180,444,209,Tree
benja_22_gamma_1_4.png,489,154,520,184,Tree
benja_22_gamma_1_4.png,511,195,539,228,Tree
benja_22_gamma_1_4.png,485,220,511,244,Tree
benja_22_gamma_1_4.png,488,245,518,265,Tree
benja_22_gamma_1_4.png,510,262,536,284,Tree
benja_22_gamma_1_4.png,481,261,510,285,Tree
benja_22_gamma_1_4.png,505,466,528,493,Tree
benja_22_gamma_1_4.png,487,379,515,400,Tree
benja_22_gamma_1_4.png,486,409,515,427,Tree
benja_22_gamma_1_4.png,488,392,510,416,Tree
benja_22_gamma_1_4.png,495,443,513,462,Tree
benja_23_gamma_1_4.png,32,459,56,486,Tree
benja_23_gamma_1_4.png,20,447,37,462,Tree
benja_23_gamma_1_4.png,49,446,64,463,Tree
benja_23_gamma_1_4.png,9,241,59,289,Tree
benja_23_gamma_1_4.png,0,172,35,238,Tree
benja_23_gamma_1_4.png,34,177,62,239,Tree
benja_23_gamma_1_4.png,191,570,222,599,Tree
benja_23_gamma_1_4.png,185,505,226,538,Tree
benja_23_gamma_1_4.png,179,474,215,506,Tree
benja_23_gamma_1_4.png,218,427,248,462,Tree
benja_23_gamma_1_4.png,173,374,216,411,Tree
benja_23_gamma_1_4.png,178,337,214,370,Tree
benja_23_gamma_1_4.png,169,159,217,196,Tree
benja_23_gamma_1_4.png,164,82,203,118,Tree
benja_23_gamma_1_4.png,169,31,210,72,Tree
benja_23_gamma_1_4.png,203,4,242,39,Tree
benja_23_gamma_1_4.png,236,3,289,47,Tree
benja_23_gamma_1_4.png,256,53,291,106,Tree
benja_23_gamma_1_4.png,218,55,257,118,Tree
benja_23_gamma_1_4.png,214,113,289,156,Tree
benja_23_gamma_1_4.png,259,100,277,121,Tree
benja_23_gamma_1_4.png,286,55,316,94,Tree
benja_23_gamma_1_4.png,301,30,337,61,Tree
benja_23_gamma_1_4.png,259,1,322,54,Tree
benja_23_gamma_1_4.png,320,182,368,213,Tree
benja_23_gamma_1_4.png,263,221,336,300,Tree
benja_23_gamma_1_4.png,223,294,272,342,Tree
benja_23_gamma_1_4.png,287,314,335,364,Tree
benja_23_gamma_1_4.png,223,366,277,424,Tree
benja_23_gamma_1_4.png,361,536,399,572,Tree
benja_23_gamma_1_4.png,318,542,362,604,Tree
benja_23_gamma_1_4.png,265,505,299,542,Tree
benja_23_gamma_1_4.png,296,513,328,545,Tree
benja_23_gamma_1_4.png,274,552,324,589,Tree
benja_23_gamma_1_4.png,404,590,450,620,Tree
benja_23_gamma_1_4.png,338,387,388,431,Tree
benja_23_gamma_1_4.png,265,434,314,480,Tree
benja_23_gamma_1_4.png,219,492,261,540,Tree
benja_23_gamma_1_4.png,351,306,385,347,Tree
benja_23_gamma_1_4.png,387,313,444,365,Tree
benja_23_gamma_1_4.png,339,341,405,394,Tree
benja_23_gamma_1_4.png,387,254,441,298,Tree
benja_23_gamma_1_4.png,309,74,389,115,Tree
benja_23_gamma_1_4.png,281,117,327,193,Tree
benja_23_gamma_1_4.png,359,161,430,202,Tree
benja_23_gamma_1_4.png,341,127,385,182,Tree
benja_23_gamma_1_4.png,380,187,447,248,Tree
benja_23_gamma_1_4.png,220,213,275,256,Tree
benja_23_gamma_1_4.png,205,244,250,290,Tree
benja_23_gamma_1_4.png,328,226,364,278,Tree
benja_23_gamma_1_4.png,387,509,427,542,Tree
benja_23_gamma_1_4.png,346,503,393,542,Tree
benja_23_gamma_1_4.png,354,580,404,620,Tree
benja_23_gamma_1_4.png,377,543,431,592,Tree
benja_23_gamma_1_4.png,350,253,393,298,Tree
benja_23_gamma_1_4.png,351,203,391,259,Tree
benja_23_gamma_1_4.png,362,30,410,57,Tree
benja_23_gamma_1_4.png,325,1,364,40,Tree
benja_23_gamma_1_4.png,352,2,404,33,Tree
benja_23_gamma_1_4.png,241,438,273,469,Tree
benja_23_gamma_1_4.png,251,406,303,444,Tree
benja_23_gamma_1_4.png,227,550,269,588,Tree
benja_23_gamma_1_4.png,274,606,313,620,Tree
benja_23_gamma_1_4.png,232,595,275,620,Tree
benja_23_gamma_1_4.png,409,2,437,23,Tree
benja_23_gamma_1_4.png,406,23,428,57,Tree
benja_23_gamma_1_4.png,425,382,449,402,Tree
benja_23_gamma_1_4.png,429,408,451,424,Tree
benja_23_gamma_1_4.png,437,432,457,451,Tree
benja_23_gamma_1_4.png,435,459,461,484,Tree
benja_23_gamma_1_4.png,433,494,453,516,Tree
benja_23_gamma_1_4.png,449,561,467,587,Tree
benja_23_gamma_1_4.png,395,444,416,461,Tree
benja_23_gamma_1_4.png,395,404,421,431,Tree
benja_23_gamma_1_4.png,259,197,293,227,Tree
benja_23_gamma_1_4.png,297,201,333,226,Tree
benja_23_gamma_1_4.png,166,252,214,295,Tree
benja_23_gamma_1_4.png,174,301,208,328,Tree
benja_24_gamma_1_4.png,425,569,507,620,Tree
benja_24_gamma_1_4.png,409,500,478,564,Tree
benja_24_gamma_1_4.png,414,434,496,494,Tree
benja_24_gamma_1_4.png,408,409,446,445,Tree
benja_24_gamma_1_4.png,408,377,450,412,Tree
benja_24_gamma_1_4.png,565,411,620,448,Tree
benja_24_gamma_1_4.png,545,331,600,377,Tree
benja_24_gamma_1_4.png,444,339,508,398,Tree
benja_24_gamma_1_4.png,513,362,557,404,Tree
benja_24_gamma_1_4.png,508,137,546,176,Tree
benja_24_gamma_1_4.png,544,148,595,182,Tree
benja_24_gamma_1_4.png,573,222,614,275,Tree
benja_24_gamma_1_4.png,559,207,598,262,Tree
benja_24_gamma_1_4.png,522,198,560,265,Tree
benja_24_gamma_1_4.png,526,263,570,296,Tree
benja_24_gamma_1_4.png,424,271,506,350,Tree
benja_24_gamma_1_4.png,465,212,498,246,Tree
benja_24_gamma_1_4.png,487,204,531,244,Tree
benja_24_gamma_1_4.png,461,238,533,290,Tree
benja_24_gamma_1_4.png,375,101,414,134,Tree
benja_24_gamma_1_4.png,390,139,421,155,Tree
benja_24_gamma_1_4.png,368,69,416,105,Tree
benja_24_gamma_1_4.png,394,18,441,53,Tree
benja_24_gamma_1_4.png,532,414,562,440,Tree
benja_24_gamma_1_4.png,479,64,521,90,Tree
benja_24_gamma_1_4.png,492,85,521,114,Tree
benja_24_gamma_1_4.png,468,94,497,112,Tree
benja_24_gamma_1_4.png,535,32,561,60,Tree
benja_24_gamma_1_4.png,548,73,570,96,Tree
benja_24_gamma_1_4.png,528,98,572,138,Tree
benja_24_gamma_1_4.png,476,1,517,22,Tree
benja_24_gamma_1_4.png,558,288,597,321,Tree
benja_24_gamma_1_4.png,540,8,562,29,Tree
benja_24_gamma_1_4.png,594,0,617,14,Tree
benja_24_gamma_1_4.png,606,62,620,76,Tree
benja_24_gamma_1_4.png,594,15,615,25,Tree
benja_24_gamma_1_4.png,600,26,620,37,Tree
benja_24_gamma_1_4.png,603,39,620,51,Tree
benja_24_gamma_1_4.png,604,52,620,67,Tree
benja_24_gamma_1_4.png,606,79,619,94,Tree
benja_24_gamma_1_4.png,605,96,620,106,Tree
benja_24_gamma_1_4.png,606,106,620,118,Tree
benja_24_gamma_1_4.png,607,119,620,133,Tree
benja_24_gamma_1_4.png,608,134,620,146,Tree
benja_24_gamma_1_4.png,504,172,549,200,Tree
benja_24_gamma_1_4.png,548,175,583,208,Tree
benja_24_gamma_1_4.png,523,57,544,84,Tree
benja_30_gamma_1_4.png,69,321,132,366,Tree
benja_30_gamma_1_4.png,135,293,165,323,Tree
benja_30_gamma_1_4.png,63,66,115,109,Tree
benja_30_gamma_1_4.png,1,296,25,336,Tree
benja_30_gamma_1_4.png,461,185,502,216,Tree
benja_30_gamma_1_4.png,103,120,154,153,Tree
benja_30_gamma_1_4.png,87,158,141,192,Tree
benja_30_gamma_1_4.png,137,241,169,275,Tree
benja_30_gamma_1_4.png,130,215,169,240,Tree
benja_30_gamma_1_4.png,85,192,132,218,Tree
benja_30_gamma_1_4.png,468,595,489,617,Tree
benja_30_gamma_1_4.png,487,600,508,615,Tree
benja_30_gamma_1_4.png,473,414,501,438,Tree
benja_30_gamma_1_4.png,589,509,613,533,Tree
benja_30_gamma_1_4.png,406,112,434,137,Tree
benja_30_gamma_1_4.png,400,79,428,103,Tree
benja_30_gamma_1_4.png,395,40,422,71,Tree
benja_30_gamma_1_4.png,389,5,412,25,Tree
benja_30_gamma_1_4.png,54,21,73,35,Tree
benja_30_gamma_1_4.png,481,335,522,382,Tree
benja_30_gamma_1_4.png,538,297,573,318,Tree
benja_30_gamma_1_4.png,524,254,565,284,Tree
benja_30_gamma_1_4.png,445,0,487,28,Tree
benja_30_gamma_1_4.png,414,221,450,257,Tree
benja_30_gamma_1_4.png,407,150,448,195,Tree
benja_30_gamma_1_4.png,577,163,620,236,Tree
benja_30_gamma_1_4.png,499,155,571,230,Tree
benja_30_gamma_1_4.png,557,330,618,395,Tree
benja_30_gamma_1_4.png,516,320,567,394,Tree
benja_30_gamma_1_4.png,382,451,401,468,Tree
benja_30_gamma_1_4.png,180,365,202,394,Tree
benja_30_gamma_1_4.png,544,3,597,58,Tree
benja_30_gamma_1_4.png,552,62,593,118,Tree
benja_30_gamma_1_4.png,519,90,554,127,Tree
benja_30_gamma_1_4.png,444,53,476,98,Tree
benja_30_gamma_1_4.png,493,4,507,22,Tree
benja_30_gamma_1_4.png,526,10,538,33,Tree
benja_30_gamma_1_4.png,485,23,542,109,Tree
benja_30_gamma_1_4.png,563,236,597,274,Tree
benja_30_gamma_1_4.png,589,252,606,288,Tree
benja_30_gamma_1_4.png,599,273,620,309,Tree
benja_30_gamma_1_4.png,606,467,620,486,Tree
benja_30_gamma_1_4.png,458,454,481,472,Tree
benja_31_gamma_1_4.png,48,533,109,597,Tree
benja_31_gamma_1_4.png,499,131,538,179,Tree
benja_31_gamma_1_4.png,293,0,360,29,Tree
benja_31_gamma_1_4.png,446,119,491,162,Tree
benja_31_gamma_1_4.png,397,79,430,114,Tree
benja_31_gamma_1_4.png,396,329,446,373,Tree
benja_31_gamma_1_4.png,463,266,548,354,Tree
benja_31_gamma_1_4.png,160,579,201,610,Tree
benja_31_gamma_1_4.png,241,524,287,565,Tree
benja_31_gamma_1_4.png,89,144,131,178,Tree
benja_31_gamma_1_4.png,57,103,120,149,Tree
benja_31_gamma_1_4.png,7,87,46,119,Tree
benja_31_gamma_1_4.png,231,40,283,93,Tree
benja_31_gamma_1_4.png,179,44,229,104,Tree
benja_31_gamma_1_4.png,107,51,152,96,Tree
benja_31_gamma_1_4.png,510,61,572,123,Tree
benja_31_gamma_1_4.png,275,159,344,232,Tree
benja_31_gamma_1_4.png,91,234,127,283,Tree
benja_31_gamma_1_4.png,199,243,276,296,Tree
benja_31_gamma_1_4.png,40,183,80,205,Tree
benja_31_gamma_1_4.png,0,154,40,214,Tree
benja_31_gamma_1_4.png,63,367,88,391,Tree
benja_31_gamma_1_4.png,95,364,126,391,Tree
benja_31_gamma_1_4.png,229,342,281,386,Tree
benja_31_gamma_1_4.png,269,356,312,400,Tree
benja_31_gamma_1_4.png,340,385,370,410,Tree
benja_31_gamma_1_4.png,369,410,411,441,Tree
benja_31_gamma_1_4.png,181,356,227,397,Tree
benja_31_gamma_1_4.png,360,55,388,97,Tree
benja_31_gamma_1_4.png,563,346,615,403,Tree
benja_31_gamma_1_4.png,492,338,567,417,Tree
benja_31_gamma_1_4.png,583,569,620,600,Tree
benja_31_gamma_1_4.png,363,478,413,523,Tree
benja_31_gamma_1_4.png,279,470,319,518,Tree
benja_31_gamma_1_4.png,231,591,256,620,Tree
benja_31_gamma_1_4.png,276,416,317,451,Tree
benja_31_gamma_1_4.png,582,277,620,314,Tree
benja_31_gamma_1_4.png,586,216,620,278,Tree
benja_31_gamma_1_4.png,570,187,606,213,Tree
benja_31_gamma_1_4.png,592,118,620,185,Tree
benja_31_gamma_1_4.png,450,0,498,34,Tree
benja_31_gamma_1_4.png,416,87,468,138,Tree
benja_31_gamma_1_4.png,37,225,80,266,Tree
benja_31_gamma_1_4.png,0,269,52,321,Tree
benja_31_gamma_1_4.png,2,223,42,264,Tree
benja_31_gamma_1_4.png,190,474,248,503,Tree
benja_31_gamma_1_4.png,162,538,180,564,Tree
benja_31_gamma_1_4.png,340,440,374,470,Tree
benja_31_gamma_1_4.png,371,439,406,469,Tree
benja_31_gamma_1_4.png,571,514,617,562,Tree
benja_31_gamma_1_4.png,451,521,475,542,Tree
benja_31_gamma_1_4.png,492,519,516,541,Tree
benja_31_gamma_1_4.png,26,492,53,511,Tree
benja_31_gamma_1_4.png,151,361,177,388,Tree
benja_31_gamma_1_4.png,178,228,212,266,Tree
benja_31_gamma_1_4.png,168,265,209,306,Tree
benja_31_gamma_1_4.png,127,237,170,303,Tree
benja_31_gamma_1_4.png,54,265,88,290,Tree
benja_31_gamma_1_4.png,356,153,403,208,Tree
benja_31_gamma_1_4.png,307,112,367,159,Tree
benja_31_gamma_1_4.png,0,115,25,145,Tree
benja_31_gamma_1_4.png,10,22,31,35,Tree
benja_31_gamma_1_4.png,147,61,179,105,Tree
benja_31_gamma_1_4.png,550,464,578,487,Tree
benja_31_gamma_1_4.png,326,484,362,511,Tree
benja_31_gamma_1_4.png,224,454,240,470,Tree
benja_31_gamma_1_4.png,204,573,227,598,Tree
benja_31_gamma_1_4.png,136,559,153,575,Tree
benja_31_gamma_1_4.png,202,444,227,471,Tree
benja_31_gamma_1_4.png,409,375,439,404,Tree
benja_31_gamma_1_4.png,445,42,472,58,Tree
benja_31_gamma_1_4.png,392,577,424,609,Tree
benja_31_gamma_1_4.png,293,533,316,552,Tree
benja_31_gamma_1_4.png,186,520,212,552,Tree
benja_31_gamma_1_4.png,4,328,28,353,Tree
benja_32_gamma_1_4.png,277,215,324,264,Tree
benja_32_gamma_1_4.png,452,250,498,294,Tree
benja_32_gamma_1_4.png,472,177,507,212,Tree
benja_32_gamma_1_4.png,0,230,69,310,Tree
benja_32_gamma_1_4.png,290,96,353,164,Tree
benja_32_gamma_1_4.png,108,204,153,245,Tree
benja_32_gamma_1_4.png,169,164,211,204,Tree
benja_32_gamma_1_4.png,200,140,248,174,Tree
benja_32_gamma_1_4.png,232,106,264,136,Tree
benja_32_gamma_1_4.png,291,41,328,82,Tree
benja_32_gamma_1_4.png,3,176,65,221,Tree
benja_32_gamma_1_4.png,0,133,30,163,Tree
benja_32_gamma_1_4.png,120,128,158,152,Tree
benja_32_gamma_1_4.png,63,150,120,191,Tree
benja_32_gamma_1_4.png,142,46,233,114,Tree
benja_32_gamma_1_4.png,164,2,280,43,Tree
benja_32_gamma_1_4.png,71,338,143,397,Tree
benja_32_gamma_1_4.png,92,298,121,318,Tree
benja_32_gamma_1_4.png,245,365,286,398,Tree
benja_32_gamma_1_4.png,317,369,364,407,Tree
benja_32_gamma_1_4.png,381,372,431,407,Tree
benja_32_gamma_1_4.png,446,371,496,409,Tree
benja_32_gamma_1_4.png,512,373,542,409,Tree
benja_32_gamma_1_4.png,345,0,408,50,Tree
benja_32_gamma_1_4.png,208,247,243,282,Tree
benja_32_gamma_1_4.png,419,3,471,44,Tree
benja_32_gamma_1_4.png,485,0,535,28,Tree
benja_32_gamma_1_4.png,442,110,484,167,Tree
benja_32_gamma_1_4.png,481,37,536,78,Tree
benja_32_gamma_1_4.png,478,116,521,162,Tree
benja_32_gamma_1_4.png,484,80,534,112,Tree
benja_32_gamma_1_4.png,430,73,481,115,Tree
benja_32_gamma_1_4.png,194,366,236,397,Tree
benja_32_gamma_1_4.png,569,0,620,20,Tree
benja_32_gamma_1_4.png,406,221,441,254,Tree
benja_32_gamma_1_4.png,437,183,463,221,Tree
benja_32_gamma_1_4.png,142,375,167,398,Tree
benja_33_gamma_1_4.png,443,476,474,512,Tree
benja_33_gamma_1_4.png,308,588,343,620,Tree
benja_33_gamma_1_4.png,275,560,308,588,Tree
benja_33_gamma_1_4.png,188,371,238,418,Tree
benja_33_gamma_1_4.png,145,368,183,418,Tree
benja_33_gamma_1_4.png,103,368,138,407,Tree
benja_33_gamma_1_4.png,64,373,108,414,Tree
benja_33_gamma_1_4.png,31,378,71,408,Tree
benja_33_gamma_1_4.png,0,376,35,404,Tree
benja_33_gamma_1_4.png,439,525,484,574,Tree
benja_33_gamma_1_4.png,582,522,620,581,Tree
benja_33_gamma_1_4.png,550,522,587,572,Tree
benja_33_gamma_1_4.png,510,515,551,561,Tree
benja_33_gamma_1_4.png,481,530,513,575,Tree
benja_33_gamma_1_4.png,351,408,401,439,Tree
benja_33_gamma_1_4.png,117,0,156,19,Tree
benja_25_gamma_1_4.png,359,248,406,290,Tree
benja_25_gamma_1_4.png,336,138,395,203,Tree
benja_25_gamma_1_4.png,355,324,397,360,Tree
benja_25_gamma_1_4.png,359,369,389,392,Tree
benja_25_gamma_1_4.png,356,393,391,428,Tree
benja_25_gamma_1_4.png,388,466,431,507,Tree
benja_25_gamma_1_4.png,369,570,414,612,Tree
benja_25_gamma_1_4.png,553,456,570,476,Tree
benja_25_gamma_1_4.png,526,441,544,457,Tree
benja_25_gamma_1_4.png,442,283,459,297,Tree
benja_25_gamma_1_4.png,417,82,470,126,Tree
benja_25_gamma_1_4.png,3,201,53,233,Tree
benja_25_gamma_1_4.png,27,159,65,192,Tree
benja_25_gamma_1_4.png,16,100,58,124,Tree
benja_25_gamma_1_4.png,73,161,103,188,Tree
benja_25_gamma_1_4.png,563,546,575,560,Tree
benja_25_gamma_1_4.png,411,375,428,391,Tree
benja_25_gamma_1_4.png,557,2,617,37,Tree
benja_25_gamma_1_4.png,426,0,490,40,Tree
benja_25_gamma_1_4.png,523,46,567,91,Tree
benja_25_gamma_1_4.png,520,111,556,152,Tree
benja_25_gamma_1_4.png,0,293,28,321,Tree
benja_25_gamma_1_4.png,564,257,588,272,Tree
benja_25_gamma_1_4.png,508,250,542,266,Tree
benja_25_gamma_1_4.png,513,316,524,328,Tree
benja_25_gamma_1_4.png,511,335,519,345,Tree
benja_25_gamma_1_4.png,588,585,605,598,Tree
benja_25_gamma_1_4.png,605,62,620,98,Tree
benja_25_gamma_1_4.png,483,64,518,108,Tree
benja_25_gamma_1_4.png,473,124,514,181,Tree
benja_25_gamma_1_4.png,319,0,363,28,Tree
benja_25_gamma_1_4.png,320,24,370,65,Tree
benja_25_gamma_1_4.png,326,52,372,91,Tree
benja_25_gamma_1_4.png,329,88,385,135,Tree
benja_25_gamma_1_4.png,570,102,620,158,Tree
benja_25_gamma_1_4.png,493,0,537,38,Tree
benja_25_gamma_1_4.png,565,483,580,496,Tree
benja_25_gamma_1_4.png,563,572,575,581,Tree
benja_25_gamma_1_4.png,564,560,575,568,Tree
benja_25_gamma_1_4.png,470,538,484,549,Tree
benja_25_gamma_1_4.png,438,573,443,582,Tree
benja_25_gamma_1_4.png,388,554,402,569,Tree
benja_25_gamma_1_4.png,404,532,419,551,Tree
benja_25_gamma_1_4.png,513,424,530,436,Tree
benja_25_gamma_1_4.png,434,43,471,78,Tree
benja_25_gamma_1_4.png,473,269,486,284,Tree
benja_25_gamma_1_4.png,253,15,265,42,Tree
benja_25_gamma_1_4.png,259,78,269,98,Tree
benja_25_gamma_1_4.png,264,115,277,132,Tree
benja_25_gamma_1_4.png,264,143,278,165,Tree
benja_25_gamma_1_4.png,265,173,280,191,Tree
benja_25_gamma_1_4.png,269,202,286,220,Tree
benja_25_gamma_1_4.png,281,278,295,293,Tree
benja_25_gamma_1_4.png,293,416,307,438,Tree
benja_25_gamma_1_4.png,294,439,315,458,Tree
benja_25_gamma_1_4.png,296,463,311,480,Tree
benja_25_gamma_1_4.png,314,592,328,614,Tree
benja_25_gamma_1_4.png,552,150,620,194,Tree
benja_25_gamma_1_4.png,503,149,560,199,Tree
benja_26_gamma_1_4.png,562,98,620,161,Tree
benja_26_gamma_1_4.png,141,144,180,175,Tree
benja_26_gamma_1_4.png,295,585,373,620,Tree
benja_26_gamma_1_4.png,307,524,363,587,Tree
benja_26_gamma_1_4.png,395,529,447,584,Tree
benja_26_gamma_1_4.png,317,468,358,513,Tree
benja_26_gamma_1_4.png,315,396,352,445,Tree
benja_26_gamma_1_4.png,305,352,344,388,Tree
benja_26_gamma_1_4.png,383,318,413,351,Tree
benja_26_gamma_1_4.png,345,233,381,268,Tree
benja_26_gamma_1_4.png,286,238,324,273,Tree
benja_26_gamma_1_4.png,238,130,269,157,Tree
benja_26_gamma_1_4.png,563,474,588,496,Tree
benja_26_gamma_1_4.png,406,383,452,421,Tree
benja_26_gamma_1_4.png,374,477,420,526,Tree
benja_26_gamma_1_4.png,432,470,464,526,Tree
benja_26_gamma_1_4.png,366,410,398,440,Tree
benja_26_gamma_1_4.png,391,425,434,453,Tree
benja_26_gamma_1_4.png,362,442,391,469,Tree
benja_26_gamma_1_4.png,571,539,620,589,Tree
benja_26_gamma_1_4.png,521,554,578,598,Tree
benja_26_gamma_1_4.png,442,568,511,618,Tree
benja_26_gamma_1_4.png,41,489,66,509,Tree
benja_26_gamma_1_4.png,66,496,95,525,Tree
benja_26_gamma_1_4.png,55,142,106,180,Tree
benja_26_gamma_1_4.png,62,110,99,140,Tree
benja_26_gamma_1_4.png,178,69,202,91,Tree
benja_26_gamma_1_4.png,10,0,50,37,Tree
benja_26_gamma_1_4.png,36,71,70,100,Tree
benja_26_gamma_1_4.png,55,10,93,53,Tree
benja_26_gamma_1_4.png,9,115,37,147,Tree
benja_26_gamma_1_4.png,591,195,620,248,Tree
benja_26_gamma_1_4.png,546,197,589,243,Tree
benja_26_gamma_1_4.png,513,480,533,493,Tree
benja_26_gamma_1_4.png,531,69,552,92,Tree
benja_26_gamma_1_4.png,498,129,514,144,Tree
benja_26_gamma_1_4.png,476,133,490,142,Tree
benja_26_gamma_1_4.png,453,132,465,140,Tree
benja_26_gamma_1_4.png,425,103,444,116,Tree
benja_26_gamma_1_4.png,516,64,527,84,Tree
benja_26_gamma_1_4.png,548,139,560,151,Tree
benja_26_gamma_1_4.png,532,137,546,151,Tree
benja_26_gamma_1_4.png,216,81,236,97,Tree
benja_26_gamma_1_4.png,159,96,180,113,Tree
benja_26_gamma_1_4.png,37,108,58,133,Tree
benja_26_gamma_1_4.png,16,85,37,107,Tree
benja_26_gamma_1_4.png,79,78,104,108,Tree
benja_26_gamma_1_4.png,8,497,27,513,Tree
benja_26_gamma_1_4.png,5,441,26,456,Tree
benja_26_gamma_1_4.png,549,253,575,281,Tree
benja_27_gamma_1_4.png,20,111,66,149,Tree
benja_27_gamma_1_4.png,3,529,31,557,Tree
benja_27_gamma_1_4.png,0,555,20,583,Tree
benja_27_gamma_1_4.png,47,522,76,546,Tree
benja_27_gamma_1_4.png,48,552,65,564,Tree
benja_27_gamma_1_4.png,80,553,111,571,Tree
benja_27_gamma_1_4.png,110,468,128,483,Tree
benja_27_gamma_1_4.png,248,559,273,594,Tree
benja_27_gamma_1_4.png,273,576,300,599,Tree
benja_27_gamma_1_4.png,382,583,419,618,Tree
benja_27_gamma_1_4.png,350,593,386,620,Tree
benja_27_gamma_1_4.png,269,601,299,620,Tree
benja_27_gamma_1_4.png,205,577,245,611,Tree
benja_27_gamma_1_4.png,569,573,616,619,Tree
benja_27_gamma_1_4.png,532,440,577,498,Tree
benja_27_gamma_1_4.png,367,514,426,564,Tree
benja_27_gamma_1_4.png,432,524,463,568,Tree
benja_27_gamma_1_4.png,468,523,503,562,Tree
benja_27_gamma_1_4.png,494,492,542,537,Tree
benja_27_gamma_1_4.png,367,336,400,360,Tree
benja_27_gamma_1_4.png,600,291,620,331,Tree
benja_27_gamma_1_4.png,584,195,605,217,Tree
benja_27_gamma_1_4.png,604,219,620,246,Tree
benja_27_gamma_1_4.png,414,93,453,133,Tree
benja_27_gamma_1_4.png,382,140,419,170,Tree
benja_27_gamma_1_4.png,482,139,506,165,Tree
benja_27_gamma_1_4.png,513,129,538,162,Tree
benja_27_gamma_1_4.png,258,27,318,66,Tree
benja_27_gamma_1_4.png,219,149,255,176,Tree
benja_27_gamma_1_4.png,284,190,339,240,Tree
benja_27_gamma_1_4.png,290,246,346,299,Tree
benja_27_gamma_1_4.png,406,286,428,308,Tree
benja_27_gamma_1_4.png,501,188,549,224,Tree
benja_27_gamma_1_4.png,505,223,562,276,Tree
benja_27_gamma_1_4.png,430,188,481,222,Tree
benja_27_gamma_1_4.png,530,296,560,320,Tree
benja_27_gamma_1_4.png,450,380,472,399,Tree
benja_27_gamma_1_4.png,471,358,494,374,Tree
benja_27_gamma_1_4.png,512,353,527,364,Tree
benja_27_gamma_1_4.png,530,367,546,384,Tree
benja_27_gamma_1_4.png,411,414,447,449,Tree
benja_27_gamma_1_4.png,377,422,409,455,Tree
benja_27_gamma_1_4.png,385,446,422,486,Tree
benja_27_gamma_1_4.png,434,477,479,505,Tree
benja_27_gamma_1_4.png,263,522,289,548,Tree
benja_27_gamma_1_4.png,287,514,314,547,Tree
benja_27_gamma_1_4.png,282,475,309,503,Tree
benja_27_gamma_1_4.png,319,488,352,535,Tree
benja_27_gamma_1_4.png,301,423,324,443,Tree
benja_27_gamma_1_4.png,150,553,205,590,Tree
benja_27_gamma_1_4.png,488,592,527,620,Tree
benja_27_gamma_1_4.png,423,598,454,619,Tree
benja_27_gamma_1_4.png,330,432,384,485,Tree
benja_27_gamma_1_4.png,99,516,141,570,Tree
benja_27_gamma_1_4.png,156,467,177,485,Tree
benja_27_gamma_1_4.png,164,288,185,322,Tree
benja_27_gamma_1_4.png,224,282,258,322,Tree
benja_27_gamma_1_4.png,225,192,266,235,Tree
benja_27_gamma_1_4.png,180,192,223,231,Tree
benja_27_gamma_1_4.png,108,201,148,239,Tree
benja_27_gamma_1_4.png,125,151,148,181,Tree
benja_27_gamma_1_4.png,161,148,181,179,Tree
benja_27_gamma_1_4.png,48,144,104,183,Tree
benja_27_gamma_1_4.png,62,198,100,245,Tree
benja_27_gamma_1_4.png,126,122,157,149,Tree
benja_27_gamma_1_4.png,295,97,335,134,Tree
benja_27_gamma_1_4.png,280,141,318,169,Tree
benja_27_gamma_1_4.png,370,102,405,132,Tree
benja_27_gamma_1_4.png,0,202,37,243,Tree
benja_27_gamma_1_4.png,145,196,172,238,Tree
benja_27_gamma_1_4.png,288,297,319,324,Tree
benja_27_gamma_1_4.png,261,286,289,320,Tree
benja_27_gamma_1_4.png,342,146,368,171,Tree
benja_27_gamma_1_4.png,170,27,212,61,Tree
benja_27_gamma_1_4.png,341,27,373,57,Tree
benja_27_gamma_1_4.png,375,50,406,72,Tree
benja_27_gamma_1_4.png,386,24,408,51,Tree
benja_27_gamma_1_4.png,450,108,477,129,Tree
benja_27_gamma_1_4.png,574,100,608,135,Tree
benja_27_gamma_1_4.png,559,70,577,92,Tree
benja_27_gamma_1_4.png,474,2,505,32,Tree
benja_27_gamma_1_4.png,505,72,545,117,Tree
benja_27_gamma_1_4.png,472,86,510,131,Tree
benja_27_gamma_1_4.png,565,315,593,340,Tree
benja_27_gamma_1_4.png,551,374,570,404,Tree
benja_27_gamma_1_4.png,498,383,538,402,Tree
benja_27_gamma_1_4.png,451,143,465,159,Tree
benja_27_gamma_1_4.png,419,143,435,156,Tree
benja_27_gamma_1_4.png,528,0,586,52,Tree
benja_27_gamma_1_4.png,98,19,150,65,Tree
benja_27_gamma_1_4.png,57,45,108,79,Tree
benja_27_gamma_1_4.png,401,207,414,224,Tree
benja_27_gamma_1_4.png,188,289,204,316,Tree
benja_27_gamma_1_4.png,0,140,10,156,Tree
benja_27_gamma_1_4.png,0,111,12,128,Tree
benja_27_gamma_1_4.png,485,34,513,64,Tree
benja_29_gamma_1_4.png,419,52,452,71,Tree
benja_29_gamma_1_4.png,384,56,411,73,Tree
benja_29_gamma_1_4.png,327,58,347,74,Tree
benja_29_gamma_1_4.png,305,58,322,72,Tree
benja_29_gamma_1_4.png,208,52,218,67,Tree
benja_29_gamma_1_4.png,226,54,236,68,Tree
benja_29_gamma_1_4.png,259,59,271,72,Tree
benja_29_gamma_1_4.png,278,64,289,72,Tree
benja_29_gamma_1_4.png,209,76,226,89,Tree
benja_29_gamma_1_4.png,238,80,248,88,Tree
benja_29_gamma_1_4.png,265,74,281,93,Tree
benja_29_gamma_1_4.png,318,80,333,94,Tree
benja_29_gamma_1_4.png,354,83,366,96,Tree
benja_29_gamma_1_4.png,376,87,388,97,Tree
benja_29_gamma_1_4.png,364,50,382,70,Tree
benja_29_gamma_1_4.png,399,32,417,59,Tree
benja_29_gamma_1_4.png,286,81,299,96,Tree
benja_29_gamma_1_4.png,541,397,576,420,Tree
benja_29_gamma_1_4.png,539,361,566,386,Tree
benja_29_gamma_1_4.png,566,317,603,346,Tree
benja_29_gamma_1_4.png,592,404,602,417,Tree
benja_29_gamma_1_4.png,613,401,620,415,Tree
benja_29_gamma_1_4.png,556,279,599,306,Tree
benja_29_gamma_1_4.png,571,197,620,285,Tree
benja_29_gamma_1_4.png,449,0,497,14,Tree
benja_29_gamma_1_4.png,426,203,474,268,Tree
benja_29_gamma_1_4.png,38,25,64,44,Tree
benja_29_gamma_1_4.png,24,25,42,39,Tree
benja_29_gamma_1_4.png,4,25,19,37,Tree
benja_0_gamma_1_4.png,0,0,97,96,Tree
benja_0_gamma_1_4.png,39,565,103,616,Tree
benja_0_gamma_1_4.png,29,504,100,561,Tree
benja_0_gamma_1_4.png,511,157,570,210,Tree
benja_0_gamma_1_4.png,351,2,411,57,Tree
benja_0_gamma_1_4.png,182,0,253,75,Tree
benja_0_gamma_1_4.png,109,26,167,89,Tree
benja_0_gamma_1_4.png,237,68,315,135,Tree
benja_0_gamma_1_4.png,533,63,593,118,Tree
benja_0_gamma_1_4.png,358,193,379,219,Tree
benja_0_gamma_1_4.png,408,153,431,179,Tree
benja_0_gamma_1_4.png,328,142,349,177,Tree
benja_0_gamma_1_4.png,360,120,384,148,Tree
benja_0_gamma_1_4.png,381,173,406,196,Tree
benja_0_gamma_1_4.png,405,221,431,243,Tree
benja_0_gamma_1_4.png,409,193,438,217,Tree
benja_0_gamma_1_4.png,479,189,509,218,Tree
benja_0_gamma_1_4.png,415,31,456,69,Tree
benja_0_gamma_1_4.png,260,31,287,62,Tree
benja_0_gamma_1_4.png,290,0,341,49,Tree
benja_0_gamma_1_4.png,24,466,93,509,Tree
benja_0_gamma_1_4.png,63,361,90,383,Tree
benja_0_gamma_1_4.png,172,503,194,531,Tree
benja_0_gamma_1_4.png,117,98,159,133,Tree
benja_0_gamma_1_4.png,1,169,51,219,Tree
benja_0_gamma_1_4.png,224,325,248,346,Tree
benja_0_gamma_1_4.png,160,456,172,470,Tree
benja_0_gamma_1_4.png,370,351,387,370,Tree
benja_0_gamma_1_4.png,385,352,400,371,Tree
benja_0_gamma_1_4.png,135,407,153,425,Tree
benja_0_gamma_1_4.png,134,387,150,404,Tree
benja_0_gamma_1_4.png,128,369,154,388,Tree
benja_0_gamma_1_4.png,166,394,180,418,Tree
benja_0_gamma_1_4.png,34,402,51,419,Tree
benja_0_gamma_1_4.png,57,397,82,429,Tree
benja_0_gamma_1_4.png,17,375,34,391,Tree
benja_0_gamma_1_4.png,233,230,249,246,Tree
benja_0_gamma_1_4.png,214,229,232,248,Tree
benja_0_gamma_1_4.png,203,237,220,255,Tree
benja_0_gamma_1_4.png,184,246,206,264,Tree
benja_0_gamma_1_4.png,168,267,187,284,Tree
benja_0_gamma_1_4.png,156,280,175,294,Tree
benja_0_gamma_1_4.png,176,349,195,363,Tree
benja_0_gamma_1_4.png,168,314,191,335,Tree
benja_0_gamma_1_4.png,0,240,59,374,Tree
benja_0_gamma_1_4.png,70,210,154,325,Tree
benja_0_gamma_1_4.png,163,142,176,153,Tree
benja_0_gamma_1_4.png,103,130,111,138,Tree
benja_0_gamma_1_4.png,534,20,579,53,Tree
benja_0_gamma_1_4.png,576,24,613,56,Tree
benja_0_gamma_1_4.png,416,125,484,149,Tree
benja_0_gamma_1_4.png,402,86,446,121,Tree
benja_0_gamma_1_4.png,492,122,532,156,Tree
benja_0_gamma_1_4.png,441,184,466,215,Tree
benja_0_gamma_1_4.png,565,298,583,314,Tree
benja_0_gamma_1_4.png,563,325,580,340,Tree
benja_0_gamma_1_4.png,600,270,610,283,Tree
benja_0_gamma_1_4.png,601,289,609,300,Tree
benja_0_gamma_1_4.png,601,237,612,251,Tree
benja_0_gamma_1_4.png,531,253,550,268,Tree
benja_0_gamma_1_4.png,559,246,581,259,Tree
benja_0_gamma_1_4.png,555,221,581,238,Tree
benja_0_gamma_1_4.png,541,222,560,241,Tree
benja_0_gamma_1_4.png,520,251,539,265,Tree
benja_0_gamma_1_4.png,323,216,344,238,Tree
benja_0_gamma_1_4.png,299,225,318,242,Tree
benja_0_gamma_1_4.png,277,228,301,244,Tree
benja_0_gamma_1_4.png,444,0,466,19,Tree
benja_0_gamma_1_4.png,465,0,494,24,Tree
benja_0_gamma_1_4.png,499,0,523,22,Tree
benja_0_gamma_1_4.png,594,78,620,126,Tree
benja_0_gamma_1_4.png,38,376,61,397,Tree
benja_0_gamma_1_4.png,126,329,162,367,Tree
benja_0_gamma_1_4.png,394,1,443,32,Tree
benja_0_gamma_1_4.png,209,276,239,295,Tree
benja_0_gamma_1_4.png,0,106,46,150,Tree
benja_0_gamma_1_4.png,86,26,130,67,Tree
benja_0_gamma_1_4.png,125,0,183,28,Tree
benja_2_gamma_1_4.png,1,544,38,577,Tree
benja_2_gamma_1_4.png,45,548,87,575,Tree
benja_2_gamma_1_4.png,135,538,168,566,Tree
benja_2_gamma_1_4.png,182,548,232,567,Tree
benja_2_gamma_1_4.png,117,504,143,525,Tree
benja_2_gamma_1_4.png,115,451,143,482,Tree
benja_2_gamma_1_4.png,121,483,141,506,Tree
benja_2_gamma_1_4.png,120,426,147,449,Tree
benja_2_gamma_1_4.png,64,529,106,556,Tree
benja_2_gamma_1_4.png,55,487,107,532,Tree
benja_2_gamma_1_4.png,50,438,89,463,Tree
benja_2_gamma_1_4.png,178,389,204,413,Tree
benja_2_gamma_1_4.png,209,389,235,416,Tree
benja_2_gamma_1_4.png,235,399,264,428,Tree
benja_2_gamma_1_4.png,72,174,106,210,Tree
benja_2_gamma_1_4.png,83,114,117,138,Tree
benja_2_gamma_1_4.png,174,127,213,154,Tree
benja_2_gamma_1_4.png,150,119,179,152,Tree
benja_2_gamma_1_4.png,228,102,262,140,Tree
benja_2_gamma_1_4.png,38,77,80,117,Tree
benja_2_gamma_1_4.png,8,216,46,258,Tree
benja_2_gamma_1_4.png,225,217,251,249,Tree
benja_2_gamma_1_4.png,239,200,278,236,Tree
benja_2_gamma_1_4.png,248,235,280,265,Tree
benja_2_gamma_1_4.png,238,273,278,303,Tree
benja_2_gamma_1_4.png,198,303,228,327,Tree
benja_2_gamma_1_4.png,116,404,141,429,Tree
benja_2_gamma_1_4.png,50,370,103,427,Tree
benja_2_gamma_1_4.png,51,297,109,344,Tree
benja_2_gamma_1_4.png,131,196,185,246,Tree
benja_2_gamma_1_4.png,172,232,195,251,Tree
benja_2_gamma_1_4.png,99,210,138,250,Tree
benja_2_gamma_1_4.png,75,281,90,298,Tree
benja_2_gamma_1_4.png,60,274,77,286,Tree
benja_2_gamma_1_4.png,60,286,80,301,Tree
benja_2_gamma_1_4.png,37,288,51,300,Tree
benja_2_gamma_1_4.png,40,299,57,315,Tree
benja_2_gamma_1_4.png,209,532,230,551,Tree
benja_2_gamma_1_4.png,69,249,106,285,Tree
benja_2_gamma_1_4.png,64,218,85,241,Tree
benja_2_gamma_1_4.png,40,225,67,248,Tree
benja_2_gamma_1_4.png,29,265,62,289,Tree
benja_2_gamma_1_4.png,110,169,145,196,Tree
benja_2_gamma_1_4.png,299,166,321,178,Tree
benja_2_gamma_1_4.png,321,166,338,177,Tree
benja_2_gamma_1_4.png,339,166,356,178,Tree
benja_2_gamma_1_4.png,355,169,372,180,Tree
benja_2_gamma_1_4.png,373,164,392,178,Tree
benja_2_gamma_1_4.png,392,163,408,175,Tree
benja_2_gamma_1_4.png,415,163,437,176,Tree
benja_2_gamma_1_4.png,416,195,434,211,Tree
benja_2_gamma_1_4.png,395,197,415,211,Tree
benja_2_gamma_1_4.png,372,196,394,214,Tree
benja_2_gamma_1_4.png,498,161,513,173,Tree
benja_2_gamma_1_4.png,516,159,534,174,Tree
benja_2_gamma_1_4.png,539,158,557,174,Tree
benja_2_gamma_1_4.png,554,154,572,171,Tree
benja_2_gamma_1_4.png,574,153,594,171,Tree
benja_2_gamma_1_4.png,596,152,612,173,Tree
benja_2_gamma_1_4.png,531,73,569,106,Tree
benja_2_gamma_1_4.png,304,43,357,88,Tree
benja_2_gamma_1_4.png,351,39,417,104,Tree
benja_2_gamma_1_4.png,83,8,159,92,Tree
benja_2_gamma_1_4.png,166,44,221,92,Tree
benja_2_gamma_1_4.png,227,35,255,66,Tree
benja_2_gamma_1_4.png,251,44,279,79,Tree
benja_2_gamma_1_4.png,274,39,305,76,Tree
benja_2_gamma_1_4.png,279,3,315,35,Tree
benja_2_gamma_1_4.png,232,4,263,32,Tree
benja_2_gamma_1_4.png,456,46,486,83,Tree
benja_2_gamma_1_4.png,465,86,500,126,Tree
benja_2_gamma_1_4.png,568,25,591,50,Tree
benja_2_gamma_1_4.png,534,38,556,56,Tree
benja_2_gamma_1_4.png,517,46,541,65,Tree
benja_2_gamma_1_4.png,485,35,513,72,Tree
benja_2_gamma_1_4.png,428,33,454,60,Tree
benja_2_gamma_1_4.png,601,597,620,615,Tree
benja_2_gamma_1_4.png,326,603,355,617,Tree
benja_2_gamma_1_4.png,144,302,175,330,Tree
benja_2_gamma_1_4.png,207,347,233,364,Tree
benja_2_gamma_1_4.png,180,348,205,364,Tree
benja_2_gamma_1_4.png,284,448,300,468,Tree
benja_2_gamma_1_4.png,268,433,287,451,Tree
benja_2_gamma_1_4.png,259,451,282,472,Tree
benja_2_gamma_1_4.png,239,436,254,452,Tree
benja_2_gamma_1_4.png,253,426,272,452,Tree
benja_2_gamma_1_4.png,146,498,160,512,Tree
benja_2_gamma_1_4.png,144,411,163,429,Tree
benja_2_gamma_1_4.png,147,337,161,352,Tree
benja_2_gamma_1_4.png,159,338,173,352,Tree
benja_2_gamma_1_4.png,144,354,162,367,Tree
benja_2_gamma_1_4.png,160,353,176,368,Tree
benja_2_gamma_1_4.png,203,331,217,347,Tree
benja_2_gamma_1_4.png,184,206,206,235,Tree
benja_2_gamma_1_4.png,249,335,275,369,Tree
benja_2_gamma_1_4.png,268,406,285,422,Tree
benja_2_gamma_1_4.png,261,369,288,393,Tree
benja_2_gamma_1_4.png,148,381,164,393,Tree
benja_2_gamma_1_4.png,166,381,179,394,Tree
benja_2_gamma_1_4.png,0,601,10,620,Tree
benja_2_gamma_1_4.png,12,601,25,620,Tree
benja_2_gamma_1_4.png,22,601,37,620,Tree
benja_2_gamma_1_4.png,34,603,49,620,Tree
benja_2_gamma_1_4.png,48,600,62,620,Tree
benja_2_gamma_1_4.png,61,597,78,620,Tree
benja_2_gamma_1_4.png,76,599,98,618,Tree
benja_2_gamma_1_4.png,125,597,144,613,Tree
benja_2_gamma_1_4.png,133,593,146,603,Tree
benja_2_gamma_1_4.png,244,595,268,613,Tree
benja_2_gamma_1_4.png,216,595,236,613,Tree
benja_2_gamma_1_4.png,147,593,160,609,Tree
benja_2_gamma_1_4.png,160,594,179,609,Tree
benja_2_gamma_1_4.png,186,595,205,609,Tree
benja_2_gamma_1_4.png,203,594,221,610,Tree
benja_2_gamma_1_4.png,263,483,292,512,Tree
benja_2_gamma_1_4.png,48,35,70,62,Tree
benja_3_gamma_1_4.png,83,111,118,158,Tree
benja_3_gamma_1_4.png,49,13,105,68,Tree
benja_3_gamma_1_4.png,117,52,146,78,Tree
benja_3_gamma_1_4.png,142,48,165,73,Tree
benja_3_gamma_1_4.png,164,40,197,69,Tree
benja_3_gamma_1_4.png,313,162,343,188,Tree
benja_3_gamma_1_4.png,341,173,370,198,Tree
benja_3_gamma_1_4.png,589,158,618,189,Tree
benja_3_gamma_1_4.png,488,161,517,191,Tree
benja_3_gamma_1_4.png,453,87,503,132,Tree
benja_3_gamma_1_4.png,444,128,476,156,Tree
benja_3_gamma_1_4.png,488,128,518,150,Tree
benja_3_gamma_1_4.png,99,564,130,588,Tree
benja_3_gamma_1_4.png,95,596,126,617,Tree
benja_3_gamma_1_4.png,101,527,130,558,Tree
benja_3_gamma_1_4.png,92,497,127,528,Tree
benja_3_gamma_1_4.png,90,474,124,497,Tree
benja_3_gamma_1_4.png,89,447,123,475,Tree
benja_3_gamma_1_4.png,75,420,118,447,Tree
benja_3_gamma_1_4.png,72,393,106,423,Tree
benja_3_gamma_1_4.png,70,353,120,394,Tree
benja_3_gamma_1_4.png,268,583,302,618,Tree
benja_3_gamma_1_4.png,160,592,186,615,Tree
benja_3_gamma_1_4.png,130,575,159,598,Tree
benja_3_gamma_1_4.png,130,554,159,574,Tree
benja_3_gamma_1_4.png,153,535,175,553,Tree
benja_3_gamma_1_4.png,159,552,182,571,Tree
benja_3_gamma_1_4.png,131,505,160,535,Tree
benja_3_gamma_1_4.png,119,487,138,506,Tree
benja_3_gamma_1_4.png,137,480,167,507,Tree
benja_3_gamma_1_4.png,128,367,158,396,Tree
benja_3_gamma_1_4.png,136,333,182,368,Tree
benja_3_gamma_1_4.png,171,271,211,305,Tree
benja_3_gamma_1_4.png,85,282,132,321,Tree
benja_3_gamma_1_4.png,215,96,273,147,Tree
benja_3_gamma_1_4.png,545,67,589,101,Tree
benja_3_gamma_1_4.png,527,250,575,302,Tree
benja_3_gamma_1_4.png,397,265,437,307,Tree
benja_3_gamma_1_4.png,421,233,474,282,Tree
benja_3_gamma_1_4.png,202,556,236,584,Tree
benja_3_gamma_1_4.png,418,392,449,420,Tree
benja_3_gamma_1_4.png,573,322,602,349,Tree
benja_3_gamma_1_4.png,274,287,322,331,Tree
benja_3_gamma_1_4.png,235,297,279,325,Tree
benja_3_gamma_1_4.png,195,334,222,358,Tree
benja_3_gamma_1_4.png,219,338,248,362,Tree
benja_3_gamma_1_4.png,195,389,274,468,Tree
benja_3_gamma_1_4.png,253,338,328,416,Tree
benja_3_gamma_1_4.png,137,372,207,429,Tree
benja_3_gamma_1_4.png,401,329,422,352,Tree
benja_3_gamma_1_4.png,371,326,395,353,Tree
benja_3_gamma_1_4.png,336,335,364,364,Tree
benja_3_gamma_1_4.png,247,474,305,535,Tree
benja_3_gamma_1_4.png,172,489,224,538,Tree
benja_3_gamma_1_4.png,71,170,160,248,Tree
benja_3_gamma_1_4.png,209,23,246,66,Tree
benja_3_gamma_1_4.png,240,13,280,55,Tree
benja_3_gamma_1_4.png,277,6,304,51,Tree
benja_3_gamma_1_4.png,332,25,369,73,Tree
benja_3_gamma_1_4.png,292,46,335,91,Tree
benja_3_gamma_1_4.png,388,0,459,49,Tree
benja_3_gamma_1_4.png,315,0,382,32,Tree
benja_3_gamma_1_4.png,442,37,493,68,Tree
benja_3_gamma_1_4.png,336,80,368,109,Tree
benja_3_gamma_1_4.png,543,158,583,188,Tree
benja_3_gamma_1_4.png,515,0,567,32,Tree
benja_3_gamma_1_4.png,324,246,372,279,Tree
benja_3_gamma_1_4.png,276,551,325,588,Tree
benja_3_gamma_1_4.png,456,324,485,355,Tree
benja_3_gamma_1_4.png,483,319,513,359,Tree
benja_3_gamma_1_4.png,511,323,542,356,Tree
benja_3_gamma_1_4.png,425,317,449,346,Tree
benja_3_gamma_1_4.png,476,391,503,415,Tree
benja_3_gamma_1_4.png,451,456,477,479,Tree
benja_3_gamma_1_4.png,507,460,531,480,Tree
benja_3_gamma_1_4.png,352,397,375,424,Tree
benja_3_gamma_1_4.png,371,401,397,427,Tree
benja_3_gamma_1_4.png,365,432,400,471,Tree
benja_3_gamma_1_4.png,402,430,440,462,Tree
benja_3_gamma_1_4.png,441,410,467,443,Tree
benja_3_gamma_1_4.png,232,242,278,269,Tree
benja_3_gamma_1_4.png,239,272,272,293,Tree
benja_3_gamma_1_4.png,271,202,294,230,Tree
benja_3_gamma_1_4.png,288,201,330,223,Tree
benja_3_gamma_1_4.png,128,438,142,452,Tree
benja_3_gamma_1_4.png,136,443,155,464,Tree
benja_3_gamma_1_4.png,16,595,46,619,Tree
benja_3_gamma_1_4.png,176,531,213,560,Tree
benja_3_gamma_1_4.png,169,563,206,592,Tree
benja_3_gamma_1_4.png,248,563,280,590,Tree
benja_3_gamma_1_4.png,189,597,252,620,Tree
benja_3_gamma_1_4.png,471,234,523,291,Tree
benja_3_gamma_1_4.png,580,241,620,303,Tree
benja_3_gamma_1_4.png,396,46,429,73,Tree
benja_3_gamma_1_4.png,259,46,303,81,Tree
benja_3_gamma_1_4.png,212,58,244,80,Tree
benja_3_gamma_1_4.png,146,114,187,145,Tree
benja_3_gamma_1_4.png,280,443,310,478,Tree
benja_3_gamma_1_4.png,306,433,341,466,Tree
benja_3_gamma_1_4.png,334,413,362,445,Tree
benja_3_gamma_1_4.png,171,468,205,489,Tree
benja_4_gamma_1_4.png,427,587,455,614,Tree
benja_4_gamma_1_4.png,357,602,374,619,Tree
benja_4_gamma_1_4.png,376,602,398,620,Tree
benja_4_gamma_1_4.png,347,563,378,594,Tree
benja_4_gamma_1_4.png,378,564,400,591,Tree
benja_4_gamma_1_4.png,304,578,329,597,Tree
benja_4_gamma_1_4.png,310,603,333,620,Tree
benja_4_gamma_1_4.png,334,584,357,607,Tree
benja_4_gamma_1_4.png,430,534,461,558,Tree
benja_4_gamma_1_4.png,429,560,456,582,Tree
benja_4_gamma_1_4.png,431,507,466,534,Tree
benja_4_gamma_1_4.png,436,483,465,508,Tree
benja_4_gamma_1_4.png,440,467,466,484,Tree
benja_4_gamma_1_4.png,441,452,471,472,Tree
benja_4_gamma_1_4.png,445,434,473,455,Tree
benja_4_gamma_1_4.png,452,403,486,425,Tree
benja_4_gamma_1_4.png,457,374,486,402,Tree
benja_4_gamma_1_4.png,358,526,403,559,Tree
benja_4_gamma_1_4.png,341,474,407,529,Tree
benja_4_gamma_1_4.png,327,373,428,470,Tree
benja_4_gamma_1_4.png,311,336,369,384,Tree
benja_4_gamma_1_4.png,99,327,126,356,Tree
benja_4_gamma_1_4.png,121,331,138,360,Tree
benja_4_gamma_1_4.png,128,331,159,359,Tree
benja_4_gamma_1_4.png,4,328,31,353,Tree
benja_4_gamma_1_4.png,91,231,153,289,Tree
benja_4_gamma_1_4.png,10,246,49,289,Tree
benja_4_gamma_1_4.png,0,252,15,284,Tree
benja_4_gamma_1_4.png,46,174,78,198,Tree
benja_4_gamma_1_4.png,101,170,132,197,Tree
benja_4_gamma_1_4.png,138,173,171,204,Tree
benja_4_gamma_1_4.png,178,172,209,199,Tree
benja_4_gamma_1_4.png,147,250,190,297,Tree
benja_4_gamma_1_4.png,202,357,229,381,Tree
benja_4_gamma_1_4.png,188,374,222,398,Tree
benja_4_gamma_1_4.png,192,397,224,423,Tree
benja_4_gamma_1_4.png,330,180,372,218,Tree
benja_4_gamma_1_4.png,220,334,253,363,Tree
benja_4_gamma_1_4.png,403,229,448,276,Tree
benja_4_gamma_1_4.png,326,240,404,324,Tree
benja_4_gamma_1_4.png,273,265,319,304,Tree
benja_4_gamma_1_4.png,400,135,442,198,Tree
benja_4_gamma_1_4.png,438,113,491,168,Tree
benja_4_gamma_1_4.png,279,120,325,160,Tree
benja_4_gamma_1_4.png,218,69,265,119,Tree
benja_4_gamma_1_4.png,186,85,223,124,Tree
benja_4_gamma_1_4.png,153,29,232,93,Tree
benja_4_gamma_1_4.png,243,26,277,61,Tree
benja_4_gamma_1_4.png,284,33,329,62,Tree
benja_4_gamma_1_4.png,1,0,88,100,Tree
benja_4_gamma_1_4.png,92,0,163,63,Tree
benja_4_gamma_1_4.png,462,9,490,34,Tree
benja_4_gamma_1_4.png,485,103,518,132,Tree
benja_4_gamma_1_4.png,442,4,463,28,Tree
benja_4_gamma_1_4.png,546,4,572,37,Tree
benja_4_gamma_1_4.png,418,61,445,85,Tree
benja_4_gamma_1_4.png,484,53,505,76,Tree
benja_4_gamma_1_4.png,134,425,155,439,Tree
benja_4_gamma_1_4.png,78,420,99,437,Tree
benja_4_gamma_1_4.png,46,420,62,437,Tree
benja_4_gamma_1_4.png,0,426,17,439,Tree
benja_4_gamma_1_4.png,31,425,42,437,Tree
benja_4_gamma_1_4.png,19,426,27,436,Tree
benja_4_gamma_1_4.png,267,339,302,362,Tree
benja_4_gamma_1_4.png,179,256,221,293,Tree
benja_4_gamma_1_4.png,218,244,274,289,Tree
benja_4_gamma_1_4.png,66,264,107,299,Tree
benja_5_gamma_1_4.png,204,557,269,617,Tree
benja_5_gamma_1_4.png,212,486,263,538,Tree
benja_5_gamma_1_4.png,102,572,166,620,Tree
benja_5_gamma_1_4.png,107,491,174,563,Tree
benja_5_gamma_1_4.png,425,309,486,387,Tree
benja_5_gamma_1_4.png,372,322,412,363,Tree
benja_5_gamma_1_4.png,173,314,247,362,Tree
benja_5_gamma_1_4.png,492,279,579,347,Tree
benja_5_gamma_1_4.png,580,558,620,609,Tree
benja_5_gamma_1_4.png,468,493,535,554,Tree
benja_5_gamma_1_4.png,497,437,548,485,Tree
benja_5_gamma_1_4.png,405,561,469,610,Tree
benja_5_gamma_1_4.png,452,189,503,237,Tree
benja_5_gamma_1_4.png,49,15,80,41,Tree
benja_5_gamma_1_4.png,111,67,141,101,Tree
benja_5_gamma_1_4.png,89,34,129,69,Tree
benja_5_gamma_1_4.png,104,145,144,213,Tree
benja_5_gamma_1_4.png,63,110,96,150,Tree
benja_5_gamma_1_4.png,78,135,114,177,Tree
benja_5_gamma_1_4.png,75,229,106,259,Tree
benja_5_gamma_1_4.png,97,259,141,303,Tree
benja_5_gamma_1_4.png,95,306,136,366,Tree
benja_5_gamma_1_4.png,92,458,139,496,Tree
benja_5_gamma_1_4.png,105,420,151,462,Tree
benja_5_gamma_1_4.png,425,428,472,465,Tree
benja_5_gamma_1_4.png,483,570,532,615,Tree
benja_5_gamma_1_4.png,297,311,342,390,Tree
benja_5_gamma_1_4.png,301,218,334,292,Tree
benja_5_gamma_1_4.png,226,183,254,210,Tree
benja_5_gamma_1_4.png,198,444,223,472,Tree
benja_5_gamma_1_4.png,273,323,293,339,Tree
benja_5_gamma_1_4.png,271,365,289,385,Tree
benja_5_gamma_1_4.png,275,343,292,364,Tree
benja_5_gamma_1_4.png,230,381,250,399,Tree
benja_5_gamma_1_4.png,255,389,271,402,Tree
benja_5_gamma_1_4.png,245,359,267,378,Tree
benja_5_gamma_1_4.png,161,37,206,92,Tree
benja_5_gamma_1_4.png,301,104,335,131,Tree
benja_5_gamma_1_4.png,389,483,462,552,Tree
benja_5_gamma_1_4.png,339,525,363,547,Tree
benja_6_gamma_1_4.png,446,377,569,486,Tree
benja_6_gamma_1_4.png,561,565,620,620,Tree
benja_6_gamma_1_4.png,568,448,620,504,Tree
benja_6_gamma_1_4.png,557,323,620,401,Tree
benja_6_gamma_1_4.png,349,201,433,273,Tree
benja_6_gamma_1_4.png,352,86,425,140,Tree
benja_6_gamma_1_4.png,354,36,439,96,Tree
benja_6_gamma_1_4.png,528,28,602,106,Tree
benja_6_gamma_1_4.png,525,117,604,191,Tree
benja_6_gamma_1_4.png,439,235,502,305,Tree
benja_6_gamma_1_4.png,69,221,130,283,Tree
benja_6_gamma_1_4.png,122,274,171,326,Tree
benja_6_gamma_1_4.png,173,258,209,321,Tree
benja_6_gamma_1_4.png,201,263,253,319,Tree
benja_6_gamma_1_4.png,217,290,283,336,Tree
benja_6_gamma_1_4.png,58,280,111,329,Tree
benja_6_gamma_1_4.png,19,288,80,340,Tree
benja_6_gamma_1_4.png,2,240,60,284,Tree
benja_6_gamma_1_4.png,499,219,547,267,Tree
benja_6_gamma_1_4.png,573,199,620,246,Tree
benja_6_gamma_1_4.png,569,278,620,326,Tree
benja_6_gamma_1_4.png,379,394,417,429,Tree
benja_6_gamma_1_4.png,365,502,404,529,Tree
benja_6_gamma_1_4.png,412,314,434,336,Tree
benja_6_gamma_1_4.png,439,318,459,340,Tree
benja_6_gamma_1_4.png,338,292,372,326,Tree
benja_7_gamma_1_4.png,78,511,125,553,Tree
benja_7_gamma_1_4.png,86,465,130,514,Tree
benja_7_gamma_1_4.png,103,576,130,611,Tree
benja_7_gamma_1_4.png,13,541,56,577,Tree
benja_7_gamma_1_4.png,279,556,317,593,Tree
benja_7_gamma_1_4.png,252,583,288,618,Tree
benja_7_gamma_1_4.png,282,419,315,454,Tree
benja_7_gamma_1_4.png,137,575,176,614,Tree
benja_7_gamma_1_4.png,174,543,229,604,Tree
benja_7_gamma_1_4.png,228,539,263,597,Tree
benja_7_gamma_1_4.png,329,552,364,584,Tree
benja_7_gamma_1_4.png,347,590,370,620,Tree
benja_7_gamma_1_4.png,341,517,366,545,Tree
benja_7_gamma_1_4.png,341,440,372,467,Tree
benja_7_gamma_1_4.png,129,417,170,482,Tree
benja_7_gamma_1_4.png,448,510,480,554,Tree
benja_7_gamma_1_4.png,455,561,487,588,Tree
benja_7_gamma_1_4.png,517,424,547,456,Tree
benja_7_gamma_1_4.png,485,103,520,138,Tree
benja_7_gamma_1_4.png,128,263,186,321,Tree
benja_7_gamma_1_4.png,267,305,310,350,Tree
benja_7_gamma_1_4.png,252,260,300,304,Tree
benja_7_gamma_1_4.png,195,265,234,310,Tree
benja_7_gamma_1_4.png,380,427,425,487,Tree
benja_7_gamma_1_4.png,434,436,472,486,Tree
benja_7_gamma_1_4.png,87,315,107,339,Tree
benja_7_gamma_1_4.png,140,322,175,353,Tree
benja_7_gamma_1_4.png,77,225,108,254,Tree
benja_7_gamma_1_4.png,132,197,163,234,Tree
benja_7_gamma_1_4.png,219,219,246,245,Tree
benja_7_gamma_1_4.png,326,255,368,294,Tree
benja_7_gamma_1_4.png,449,387,478,436,Tree
benja_7_gamma_1_4.png,406,393,450,451,Tree
benja_7_gamma_1_4.png,326,404,382,448,Tree
benja_7_gamma_1_4.png,384,395,404,428,Tree
benja_7_gamma_1_4.png,451,304,476,330,Tree
benja_7_gamma_1_4.png,327,294,364,318,Tree
benja_7_gamma_1_4.png,332,318,365,348,Tree
benja_7_gamma_1_4.png,433,341,487,370,Tree
benja_7_gamma_1_4.png,418,291,444,320,Tree
benja_7_gamma_1_4.png,444,252,486,309,Tree
benja_7_gamma_1_4.png,529,360,555,385,Tree
benja_7_gamma_1_4.png,508,310,551,346,Tree
benja_7_gamma_1_4.png,515,270,560,312,Tree
benja_7_gamma_1_4.png,568,265,608,307,Tree
benja_7_gamma_1_4.png,515,116,546,147,Tree
benja_7_gamma_1_4.png,256,181,294,217,Tree
benja_7_gamma_1_4.png,251,124,292,179,Tree
benja_7_gamma_1_4.png,251,100,279,119,Tree
benja_7_gamma_1_4.png,249,54,285,95,Tree
benja_7_gamma_1_4.png,48,328,86,366,Tree
benja_7_gamma_1_4.png,27,176,61,215,Tree
benja_7_gamma_1_4.png,0,164,30,222,Tree
benja_7_gamma_1_4.png,76,63,104,86,Tree
benja_7_gamma_1_4.png,73,14,117,65,Tree
benja_7_gamma_1_4.png,115,4,159,53,Tree
benja_7_gamma_1_4.png,321,72,353,98,Tree
benja_7_gamma_1_4.png,452,200,469,217,Tree
benja_7_gamma_1_4.png,434,198,451,215,Tree
benja_7_gamma_1_4.png,424,185,441,203,Tree
benja_7_gamma_1_4.png,355,162,371,177,Tree
benja_7_gamma_1_4.png,364,173,383,185,Tree
benja_7_gamma_1_4.png,383,158,400,173,Tree
benja_7_gamma_1_4.png,376,145,393,160,Tree
benja_7_gamma_1_4.png,353,139,378,156,Tree
benja_7_gamma_1_4.png,362,121,379,140,Tree
benja_7_gamma_1_4.png,363,95,380,123,Tree
benja_7_gamma_1_4.png,382,109,403,130,Tree
benja_7_gamma_1_4.png,383,128,398,143,Tree
benja_7_gamma_1_4.png,434,135,455,154,Tree
benja_7_gamma_1_4.png,405,154,422,171,Tree
benja_7_gamma_1_4.png,427,156,447,171,Tree
benja_7_gamma_1_4.png,313,102,351,145,Tree
benja_7_gamma_1_4.png,309,165,347,196,Tree
benja_7_gamma_1_4.png,331,210,373,239,Tree
benja_7_gamma_1_4.png,380,206,413,234,Tree
benja_7_gamma_1_4.png,417,204,443,234,Tree
benja_7_gamma_1_4.png,418,101,437,129,Tree
benja_7_gamma_1_4.png,400,101,416,117,Tree
benja_7_gamma_1_4.png,402,117,418,135,Tree
benja_7_gamma_1_4.png,430,91,468,134,Tree
benja_7_gamma_1_4.png,520,173,542,196,Tree
benja_7_gamma_1_4.png,519,199,539,216,Tree
benja_7_gamma_1_4.png,603,75,620,96,Tree
benja_7_gamma_1_4.png,605,122,620,150,Tree
benja_7_gamma_1_4.png,556,114,577,138,Tree
benja_7_gamma_1_4.png,580,145,596,163,Tree
benja_7_gamma_1_4.png,590,156,614,171,Tree
benja_7_gamma_1_4.png,586,192,614,219,Tree
benja_7_gamma_1_4.png,557,189,580,218,Tree
benja_7_gamma_1_4.png,533,158,556,179,Tree
benja_7_gamma_1_4.png,542,219,552,230,Tree
benja_7_gamma_1_4.png,528,220,542,233,Tree
benja_7_gamma_1_4.png,557,220,567,232,Tree
benja_7_gamma_1_4.png,588,219,602,231,Tree
benja_7_gamma_1_4.png,567,220,578,231,Tree
benja_7_gamma_1_4.png,544,86,568,115,Tree
benja_7_gamma_1_4.png,523,96,540,114,Tree
benja_7_gamma_1_4.png,427,56,447,79,Tree
benja_7_gamma_1_4.png,359,79,382,95,Tree
benja_7_gamma_1_4.png,394,81,418,101,Tree
benja_7_gamma_1_4.png,420,78,462,91,Tree
benja_7_gamma_1_4.png,379,34,393,46,Tree
benja_7_gamma_1_4.png,381,63,395,74,Tree
benja_7_gamma_1_4.png,538,55,567,84,Tree
benja_7_gamma_1_4.png,367,266,405,295,Tree
benja_7_gamma_1_4.png,380,297,413,326,Tree
benja_7_gamma_1_4.png,371,349,398,376,Tree
benja_7_gamma_1_4.png,407,347,432,373,Tree
benja_7_gamma_1_4.png,342,347,366,368,Tree
benja_7_gamma_1_4.png,317,349,340,371,Tree
benja_7_gamma_1_4.png,509,352,535,379,Tree
benja_7_gamma_1_4.png,587,359,609,380,Tree
benja_7_gamma_1_4.png,560,360,581,382,Tree
benja_7_gamma_1_4.png,388,485,417,507,Tree
benja_7_gamma_1_4.png,349,495,392,523,Tree
benja_7_gamma_1_4.png,512,456,537,482,Tree
benja_7_gamma_1_4.png,32,304,55,330,Tree
benja_7_gamma_1_4.png,10,369,33,392,Tree
benja_7_gamma_1_4.png,3,336,25,358,Tree
benja_7_gamma_1_4.png,81,290,109,318,Tree
benja_7_gamma_1_4.png,262,351,288,379,Tree
benja_7_gamma_1_4.png,368,322,418,360,Tree
benja_7_gamma_1_4.png,411,316,481,350,Tree
benja_7_gamma_1_4.png,550,302,613,367,Tree
benja_7_gamma_1_4.png,584,459,619,501,Tree
benja_7_gamma_1_4.png,553,487,571,509,Tree
benja_7_gamma_1_4.png,571,500,589,522,Tree
benja_7_gamma_1_4.png,589,570,620,595,Tree
benja_7_gamma_1_4.png,577,593,620,620,Tree
benja_7_gamma_1_4.png,585,517,620,542,Tree
benja_7_gamma_1_4.png,580,535,620,573,Tree
benja_7_gamma_1_4.png,593,497,620,524,Tree
benja_7_gamma_1_4.png,585,389,620,421,Tree
benja_7_gamma_1_4.png,586,425,620,453,Tree
benja_7_gamma_1_4.png,537,415,584,446,Tree
benja_7_gamma_1_4.png,498,390,552,439,Tree
benja_7_gamma_1_4.png,553,386,584,423,Tree
benja_7_gamma_1_4.png,474,386,499,428,Tree
benja_7_gamma_1_4.png,469,463,494,506,Tree
benja_7_gamma_1_4.png,265,445,300,475,Tree
benja_7_gamma_1_4.png,427,494,462,532,Tree
benja_7_gamma_1_4.png,306,493,343,531,Tree
benja_7_gamma_1_4.png,329,466,370,495,Tree
benja_7_gamma_1_4.png,2,124,39,152,Tree
benja_7_gamma_1_4.png,87,107,111,127,Tree
benja_7_gamma_1_4.png,64,150,91,174,Tree
benja_7_gamma_1_4.png,53,119,94,152,Tree
benja_7_gamma_1_4.png,45,153,70,178,Tree
benja_7_gamma_1_4.png,173,184,209,214,Tree
benja_7_gamma_1_4.png,206,180,236,218,Tree
benja_7_gamma_1_4.png,173,218,207,247,Tree
benja_7_gamma_1_4.png,306,142,349,172,Tree
benja_7_gamma_1_4.png,245,0,269,24,Tree
benja_7_gamma_1_4.png,267,0,284,17,Tree
benja_7_gamma_1_4.png,0,290,37,335,Tree
benja_7_gamma_1_4.png,406,66,417,78,Tree
benja_7_gamma_1_4.png,606,44,619,59,Tree
benja_7_gamma_1_4.png,578,91,593,105,Tree
benja_7_gamma_1_4.png,597,102,612,117,Tree
benja_7_gamma_1_4.png,445,180,468,200,Tree
benja_7_gamma_1_4.png,397,184,410,196,Tree
benja_7_gamma_1_4.png,405,191,419,206,Tree
benja_7_gamma_1_4.png,402,173,418,185,Tree
benja_7_gamma_1_4.png,450,160,469,175,Tree
benja_7_gamma_1_4.png,451,145,469,162,Tree
benja_7_gamma_1_4.png,549,548,575,571,Tree
benja_7_gamma_1_4.png,464,594,492,618,Tree
benja_7_gamma_1_4.png,145,526,168,548,Tree
benja_7_gamma_1_4.png,216,457,235,477,Tree
benja_7_gamma_1_4.png,164,110,177,120,Tree
benja_7_gamma_1_4.png,179,109,191,123,Tree
benja_7_gamma_1_4.png,193,106,205,120,Tree
benja_7_gamma_1_4.png,210,108,221,121,Tree
benja_7_gamma_1_4.png,306,15,322,28,Tree
benja_7_gamma_1_4.png,304,2,324,15,Tree
benja_7_gamma_1_4.png,309,31,326,48,Tree
benja_7_gamma_1_4.png,315,56,334,72,Tree
benja_7_gamma_1_4.png,378,0,395,12,Tree
benja_7_gamma_1_4.png,378,16,392,24,Tree
benja_7_gamma_1_4.png,380,23,391,31,Tree
benja_7_gamma_1_4.png,519,69,530,82,Tree
benja_7_gamma_1_4.png,346,367,366,389,Tree
benja_7_gamma_1_4.png,578,48,596,66,Tree
benja_7_gamma_1_4.png,145,502,170,525,Tree
benja_7_gamma_1_4.png,199,601,240,620,Tree
benja_7_gamma_1_4.png,184,599,203,620,Tree
benja_7_gamma_1_4.png,403,607,434,620,Tree
benja_7_gamma_1_4.png,86,358,119,396,Tree
benja_7_gamma_1_4.png,136,358,156,376,Tree
benja_7_gamma_1_4.png,144,376,162,400,Tree
benja_8_gamma_1_4.png,251,274,339,378,Tree
benja_8_gamma_1_4.png,227,249,270,288,Tree
benja_8_gamma_1_4.png,97,316,140,354,Tree
benja_8_gamma_1_4.png,103,259,149,310,Tree
benja_8_gamma_1_4.png,193,473,265,555,Tree
benja_8_gamma_1_4.png,191,403,257,479,Tree
benja_8_gamma_1_4.png,39,408,84,463,Tree
benja_8_gamma_1_4.png,52,474,90,503,Tree
benja_8_gamma_1_4.png,14,483,54,514,Tree
benja_8_gamma_1_4.png,10,344,35,370,Tree
benja_8_gamma_1_4.png,31,325,65,360,Tree
benja_8_gamma_1_4.png,35,360,62,380,Tree
benja_8_gamma_1_4.png,0,399,46,442,Tree
benja_8_gamma_1_4.png,16,439,39,461,Tree
benja_8_gamma_1_4.png,21,457,58,489,Tree
benja_8_gamma_1_4.png,114,431,159,489,Tree
benja_8_gamma_1_4.png,118,376,141,403,Tree
benja_8_gamma_1_4.png,141,402,161,429,Tree
benja_8_gamma_1_4.png,143,381,157,402,Tree
benja_8_gamma_1_4.png,116,412,143,433,Tree
benja_8_gamma_1_4.png,178,379,205,401,Tree
benja_8_gamma_1_4.png,169,421,182,435,Tree
benja_8_gamma_1_4.png,161,407,175,425,Tree
benja_8_gamma_1_4.png,154,535,190,575,Tree
benja_8_gamma_1_4.png,151,481,169,498,Tree
benja_8_gamma_1_4.png,165,486,182,503,Tree
benja_8_gamma_1_4.png,144,495,165,513,Tree
benja_8_gamma_1_4.png,159,507,177,519,Tree
benja_8_gamma_1_4.png,163,441,190,477,Tree
benja_8_gamma_1_4.png,173,476,198,503,Tree
benja_8_gamma_1_4.png,132,538,159,580,Tree
benja_8_gamma_1_4.png,128,573,164,604,Tree
benja_8_gamma_1_4.png,176,307,210,345,Tree
benja_8_gamma_1_4.png,137,314,180,351,Tree
benja_8_gamma_1_4.png,156,364,186,389,Tree
benja_8_gamma_1_4.png,153,271,186,304,Tree
benja_8_gamma_1_4.png,27,261,49,281,Tree
benja_8_gamma_1_4.png,46,264,68,283,Tree
benja_8_gamma_1_4.png,22,291,50,312,Tree
benja_8_gamma_1_4.png,36,316,53,328,Tree
benja_8_gamma_1_4.png,21,0,44,15,Tree
benja_8_gamma_1_4.png,36,27,52,44,Tree
benja_8_gamma_1_4.png,35,46,51,66,Tree
benja_8_gamma_1_4.png,36,65,52,83,Tree
benja_8_gamma_1_4.png,37,89,55,107,Tree
benja_8_gamma_1_4.png,37,101,54,115,Tree
benja_8_gamma_1_4.png,39,114,55,128,Tree
benja_8_gamma_1_4.png,38,129,58,149,Tree
benja_8_gamma_1_4.png,40,150,60,169,Tree
benja_8_gamma_1_4.png,40,169,58,187,Tree
benja_8_gamma_1_4.png,0,199,13,233,Tree
benja_8_gamma_1_4.png,29,197,50,215,Tree
benja_8_gamma_1_4.png,42,200,62,224,Tree
benja_8_gamma_1_4.png,23,212,44,231,Tree
benja_8_gamma_1_4.png,90,163,176,253,Tree
benja_8_gamma_1_4.png,210,296,250,337,Tree
benja_8_gamma_1_4.png,178,341,212,366,Tree
benja_8_gamma_1_4.png,249,215,285,253,Tree
benja_8_gamma_1_4.png,271,233,322,280,Tree
benja_8_gamma_1_4.png,260,177,306,213,Tree
benja_8_gamma_1_4.png,225,177,257,206,Tree
benja_8_gamma_1_4.png,211,198,249,228,Tree
benja_8_gamma_1_4.png,174,142,214,173,Tree
benja_8_gamma_1_4.png,198,163,241,196,Tree
benja_8_gamma_1_4.png,161,195,222,231,Tree
benja_8_gamma_1_4.png,195,231,220,251,Tree
benja_8_gamma_1_4.png,230,101,307,173,Tree
benja_8_gamma_1_4.png,178,73,239,141,Tree
benja_8_gamma_1_4.png,94,0,145,40,Tree
benja_8_gamma_1_4.png,102,31,146,72,Tree
benja_8_gamma_1_4.png,105,99,136,137,Tree
benja_8_gamma_1_4.png,133,66,178,125,Tree
benja_8_gamma_1_4.png,216,12,243,42,Tree
benja_8_gamma_1_4.png,249,41,292,90,Tree
benja_8_gamma_1_4.png,321,128,344,153,Tree
benja_8_gamma_1_4.png,319,74,337,95,Tree
benja_8_gamma_1_4.png,314,47,339,69,Tree
benja_8_gamma_1_4.png,318,21,342,43,Tree
benja_8_gamma_1_4.png,319,0,339,12,Tree
benja_8_gamma_1_4.png,319,160,341,181,Tree
benja_8_gamma_1_4.png,323,185,344,207,Tree
benja_8_gamma_1_4.png,326,211,348,233,Tree
benja_8_gamma_1_4.png,330,240,351,261,Tree
benja_8_gamma_1_4.png,261,400,302,467,Tree
benja_8_gamma_1_4.png,273,470,309,499,Tree
benja_8_gamma_1_4.png,271,501,314,546,Tree
benja_8_gamma_1_4.png,237,564,317,620,Tree
benja_8_gamma_1_4.png,250,537,299,573,Tree
benja_8_gamma_1_4.png,295,540,318,567,Tree
benja_8_gamma_1_4.png,104,497,134,526,Tree
benja_8_gamma_1_4.png,4,88,36,120,Tree
benja_8_gamma_1_4.png,0,7,22,37,Tree
benja_8_gamma_1_4.png,276,2,301,29,Tree
benja_8_gamma_1_4.png,145,0,202,61,Tree
benja_9_gamma_1_4.png,353,29,379,57,Tree
benja_9_gamma_1_4.png,362,62,386,87,Tree
benja_9_gamma_1_4.png,432,0,455,17,Tree
benja_9_gamma_1_4.png,433,20,454,43,Tree
benja_9_gamma_1_4.png,432,44,454,64,Tree
benja_9_gamma_1_4.png,432,64,456,90,Tree
benja_9_gamma_1_4.png,434,95,458,122,Tree
benja_9_gamma_1_4.png,433,124,456,146,Tree
benja_9_gamma_1_4.png,439,150,467,172,Tree
benja_9_gamma_1_4.png,436,175,463,198,Tree
benja_9_gamma_1_4.png,452,309,470,336,Tree
benja_9_gamma_1_4.png,450,281,477,308,Tree
benja_9_gamma_1_4.png,438,205,468,223,Tree
benja_9_gamma_1_4.png,442,226,468,257,Tree
benja_9_gamma_1_4.png,445,359,476,387,Tree
benja_9_gamma_1_4.png,444,390,465,412,Tree
benja_9_gamma_1_4.png,445,412,467,433,Tree
benja_9_gamma_1_4.png,446,449,472,479,Tree
benja_9_gamma_1_4.png,447,482,471,514,Tree
benja_9_gamma_1_4.png,447,515,473,535,Tree
benja_9_gamma_1_4.png,451,534,472,556,Tree
benja_9_gamma_1_4.png,447,561,473,585,Tree
benja_9_gamma_1_4.png,451,586,472,611,Tree
benja_9_gamma_1_4.png,378,92,401,130,Tree
benja_9_gamma_1_4.png,353,97,381,134,Tree
benja_9_gamma_1_4.png,528,398,561,434,Tree
benja_9_gamma_1_4.png,498,382,523,411,Tree
benja_9_gamma_1_4.png,376,529,412,561,Tree
benja_9_gamma_1_4.png,374,504,407,535,Tree
benja_9_gamma_1_4.png,358,479,384,503,Tree
benja_9_gamma_1_4.png,379,449,413,474,Tree
benja_9_gamma_1_4.png,386,476,412,500,Tree
benja_9_gamma_1_4.png,364,431,392,457,Tree
benja_9_gamma_1_4.png,374,329,408,363,Tree
benja_9_gamma_1_4.png,376,361,413,399,Tree
benja_9_gamma_1_4.png,377,401,416,440,Tree
benja_9_gamma_1_4.png,377,580,411,620,Tree
benja_9_gamma_1_4.png,371,299,408,333,Tree
benja_9_gamma_1_4.png,347,256,392,296,Tree
benja_9_gamma_1_4.png,382,236,405,258,Tree
benja_9_gamma_1_4.png,378,206,402,236,Tree
benja_9_gamma_1_4.png,383,178,410,208,Tree
benja_9_gamma_1_4.png,319,39,340,63,Tree
benja_9_gamma_1_4.png,312,11,339,31,Tree
benja_9_gamma_1_4.png,322,85,351,118,Tree
benja_9_gamma_1_4.png,339,197,366,226,Tree
benja_9_gamma_1_4.png,317,231,340,249,Tree
benja_9_gamma_1_4.png,320,255,344,277,Tree
benja_9_gamma_1_4.png,322,288,343,310,Tree
benja_9_gamma_1_4.png,324,314,344,335,Tree
benja_9_gamma_1_4.png,325,344,345,363,Tree
benja_9_gamma_1_4.png,325,367,345,389,Tree
benja_9_gamma_1_4.png,328,423,350,447,Tree
benja_9_gamma_1_4.png,328,473,350,498,Tree
benja_9_gamma_1_4.png,333,508,357,526,Tree
benja_9_gamma_1_4.png,355,510,377,536,Tree
benja_9_gamma_1_4.png,334,535,354,558,Tree
benja_9_gamma_1_4.png,331,564,346,583,Tree
benja_9_gamma_1_4.png,511,309,538,348,Tree
